Amp Area Ellipse  OC_Mean OC_Std OC_Q1 OC_Med OC_Q3 OC_Max OC_Min  Exp_Mean Exp_Std Exp_Q1 Exp_Med Exp_Q3 Exp_Max Exp_Min  Num_Mean Num_Std Num_Q1 Num_Med Num_Q3 Num_Max Num_Min
  2.0000   0.0500   2.0000        6.1015    0.0891      3.00      5.00      8.00     36.00      0.00       2.8840    0.0496      1.00      2.00      4.00     16.00      0.00       9.0270    0.0832      7.00     10.00     11.00     20.00      0.00
  2.0000   0.0500   1.9000        6.2315    0.0935      3.00      5.00      8.00     35.00      0.00       2.9180    0.0519      1.00      2.00      4.00     22.00      0.00       9.0180    0.0837      7.00     10.00     12.00     20.00      0.00
  2.0000   0.0500   1.8000        6.1935    0.0916      3.00      5.00      8.00     31.00      0.00       2.9770    0.0530      1.00      2.00      4.00     16.00      0.00       8.8775    0.0837      6.00     10.00     11.00     22.00      0.00
  2.0000   0.0500   1.7000        6.1940    0.0916      3.00      5.00      8.00     40.00      0.00       2.9925    0.0547      1.00      2.00      4.00     21.00      0.00       8.9840    0.0831      7.00     10.00     11.00     19.00      0.00
  2.0000   0.0500   1.6000        6.2445    0.0936      3.00      5.00      8.00     35.00      0.00       3.0025    0.0561      1.00      2.00      4.00     28.00      0.00       8.9740    0.0831      7.00     10.00     11.00     23.00      0.00
  2.0000   0.0500   1.5000        6.2460    0.0987      3.00      5.00      8.00     47.00      0.00       2.9865    0.0603      1.00      2.00      4.00     46.00      0.00       9.1000    0.0845      7.00     10.00     12.00     20.00      0.00
  2.0000   0.0500   1.4000        6.3150    0.0965      3.00      5.00      8.00     44.00      0.00       2.9955    0.0568      1.00      2.00      4.00     41.00      0.00       8.9340    0.0848      6.00     10.00     12.00     22.00      0.00
  2.0000   0.0500   1.3000        6.2670    0.0967      3.00      5.00      8.00     40.00      0.00       3.1125    0.0638      1.00      2.00      4.00     37.00      0.00       8.8620    0.0854      6.00     10.00     11.00     21.00      0.00
  2.0000   0.0500   1.2000        6.1700    0.0950      3.00      5.00      8.00     42.00      0.00       2.9685    0.0580      1.00      2.00      4.00     37.00      0.00       8.8040    0.0854      6.00     10.00     11.00     20.00      0.00
  2.0000   0.0500   1.1000        6.3700    0.1173      3.00      5.00      8.00     75.00      0.00       3.1000    0.0736      1.00      2.00      4.00     69.00      0.00       8.9130    0.0862      7.00     10.00     11.00     24.00      0.00
  2.0000   0.0500   1.0000        6.6225    0.1342      3.00      5.00      8.00    124.00      0.00       3.3805    0.1007      1.00      2.00      4.00    123.00      0.00       8.6830    0.0847      6.00     10.00     11.00     21.00      0.00
  2.0000   0.0500   0.9000        6.7900    0.1401      3.00      5.00      9.00    104.00      0.00       3.5645    0.1044      1.00      2.00      4.00    102.00      0.00       8.7300    0.0844      6.00     10.00     11.00     19.00      0.00
  2.0000   0.0500   0.8000        7.4630    0.2661      3.00      5.00      8.00    315.00      0.00       3.9590    0.1780      1.00      2.00      4.00    236.00      0.00       8.6970    0.0866      6.00     10.00     11.00     23.00      0.00
  2.0000   0.0500   0.7000        7.9205    0.2867      3.00      6.00      9.00    276.00      0.00       4.5490    0.2605      1.00      2.00      4.00    275.00      0.00       8.6610    0.0865      6.00     10.00     11.00     20.00      0.00
  2.0000   0.0500   0.6000        9.6655    0.4460      4.00      6.00      9.00    506.00      0.00       5.9830    0.3999      1.00      3.00      5.00    505.00      0.00       8.4540    0.0870      6.00      9.00     11.00     18.00      0.00
  2.0000   0.0500   0.5000       11.4325    0.6164      4.00      6.00     10.00    542.00      0.00       7.7040    0.5937      1.00      3.00      5.00    542.00      0.00       8.5330    0.0869      6.00     10.00     11.00     22.00      0.00
  2.0000   0.0500   0.4000       13.1745    0.7696      3.00      6.00     10.00    645.00      0.00       8.8125    0.6351      1.00      3.00      5.00    644.00      0.00       8.1205    0.0879      6.00      9.00     11.00     21.00      0.00
  2.0000   0.0500   0.3000       17.3235    0.8885      4.00      7.00     12.00    565.00      0.00      13.0650    0.8376      1.00      3.00      7.00    565.00      0.00       7.8175    0.0906      6.00      8.00     11.00     19.00      0.00
  2.0000   0.0500   0.2000       20.1225    1.1208      4.00      7.00     15.00    776.00      0.00      15.7100    1.0788      2.00      3.00      9.00    776.00      0.00       7.5210    0.0899      5.00      8.00     11.00     22.00      0.00
  2.0000   0.0500   0.1000       38.0175    1.8718      5.00     10.00     27.00   1214.00      0.00      31.9575    1.7908      2.00      5.00     21.00   1211.00      0.00       6.5130    0.0965      3.00      7.00     10.00     24.00      0.00
  2.0000   0.0400   2.0000        6.9390    0.1076      4.00      6.00      9.00     50.00      0.00       3.3185    0.0591      1.00      3.00      4.00     33.00      0.00       8.7590    0.0853      6.00     10.00     11.00     19.00      0.00
  2.0000   0.0400   1.9000        7.0985    0.1095      4.00      6.00      9.00     49.00      0.00       3.3610    0.0603      1.00      3.00      5.00     19.00      0.00       8.8555    0.0860      6.00     10.00     11.00     20.00      0.00
  2.0000   0.0400   1.8000        7.0000    0.1121      4.00      6.00      9.00     48.00      0.00       3.4135    0.0634      1.00      3.00      5.00     31.00      0.00       8.8470    0.0845      6.00     10.00     11.00     22.00      0.00
  2.0000   0.0400   1.7000        6.9640    0.1119      4.00      6.00      9.00     82.00      0.00       3.4235    0.0656      1.00      3.00      5.00     48.00      0.00       8.7995    0.0846      6.00     10.00     11.00     20.00      0.00
  2.0000   0.0400   1.6000        6.9315    0.1065      4.00      6.00      9.00     44.00      0.00       3.4650    0.0622      1.00      3.00      5.00     23.00      0.00       8.7930    0.0844      6.00     10.00     11.00     21.00      0.00
  2.0000   0.0400   1.5000        6.9140    0.1094      3.00      6.00      9.00     44.00      0.00       3.3435    0.0617      1.00      2.00      5.00     21.00      0.00       8.7810    0.0840      6.00     10.00     11.00     20.00      0.00
  2.0000   0.0400   1.4000        7.0790    0.1138      3.00      6.00      9.00     51.00      0.00       3.4530    0.0656      1.00      3.00      5.00     32.00      0.00       8.6895    0.0828      6.00     10.00     11.00     20.00      0.00
  2.0000   0.0400   1.3000        7.1075    0.1158      4.00      6.00      9.00     48.00      0.00       3.6605    0.0840      1.00      3.00      5.00     46.00      0.00       8.7385    0.0815      7.00     10.00     11.00     19.00      0.00
  2.0000   0.0400   1.2000        7.2055    0.1104      4.00      6.00     10.00     48.00      0.00       3.6105    0.0709      1.00      3.00      5.00     32.00      0.00       8.8525    0.0837      6.00     10.00     11.00     20.00      0.00
  2.0000   0.0400   1.1000        7.6015    0.1383      4.00      6.00     10.00     87.00      0.00       3.8600    0.0887      1.00      3.00      5.00     76.00      0.00       8.7670    0.0834      6.00     10.00     11.00     18.00      0.00
  2.0000   0.0400   1.0000        7.3320    0.1401      4.00      6.00      9.00    138.00      0.00       3.7605    0.1049      1.00      3.00      5.00    119.00      0.00       8.5985    0.0846      6.00     10.00     11.00     19.00      0.00
  2.0000   0.0400   0.9000        7.6485    0.2047      4.00      6.00     10.00    203.00      0.00       4.0225    0.1561      1.00      3.00      5.00    202.00      0.00       8.5285    0.0845      6.00      9.00     11.00     22.00      0.00
  2.0000   0.0400   0.8000        8.1965    0.2156      4.00      6.00     10.00    199.00      0.00       4.6310    0.1879      1.00      3.00      5.00    173.00      0.00       8.4850    0.0847      6.00     10.00     11.00     20.00      0.00
  2.0000   0.0400   0.7000        9.2595    0.2671      4.00      7.00     10.00    179.00      0.00       5.1075    0.2084      1.00      3.00      5.00    106.00      0.00       8.5685    0.0855      6.00     10.00     11.00     21.00      0.00
  2.0000   0.0400   0.6000        9.7320    0.3194      4.00      6.00     11.00    201.00      0.00       5.7580    0.2452      1.00      3.00      6.00    171.00      0.00       8.2160    0.0884      6.00      9.00     11.00     21.00      0.00
  2.0000   0.0400   0.5000       12.6805    0.6132      4.00      7.00     11.00    507.00      0.00       8.3190    0.5326      1.00      3.00      6.00    332.00      0.00       8.1730    0.0892      6.00      9.00     11.00     26.00      0.00
  2.0000   0.0400   0.4000       14.3085    0.6514      4.00      7.00     12.00    397.00      0.00      10.0160    0.6214      2.00      3.00      7.00    397.00      0.00       8.0875    0.0894      6.00      9.00     11.00     18.00      0.00
  2.0000   0.0400   0.3000       18.0845    0.9670      4.00      7.00     13.00    776.00      0.00      13.7660    0.9277      2.00      4.00      8.00    776.00      0.00       7.6345    0.0903      5.00      8.00     11.00     23.00      0.00
  2.0000   0.0400   0.2000       25.2830    1.3904      4.00      8.00     16.00    936.00      0.00      20.0665    1.2893      2.00      4.00     10.00    936.00      0.00       7.1670    0.0910      4.00      8.00     10.00     19.00      0.00
  2.0000   0.0400   0.1000       37.9915    1.7926      5.00     11.00     28.00    848.00      0.00      31.3780    1.6631      2.00      6.00     20.00    848.00      0.00       6.4765    0.0929      3.00      7.00     10.00     21.00      0.00
  2.0000   0.0300   2.0000        8.2045    0.1351      4.00      7.00     11.00     50.00      0.00       4.1675    0.0791      2.00      3.00      6.00     42.00      0.00       8.4460    0.0844      6.00     10.00     11.00     22.00      0.00
  2.0000   0.0300   1.9000        8.2100    0.1332      4.00      7.00     11.00     52.00      0.00       4.0730    0.0732      2.00      3.00      6.00     30.00      0.00       8.5390    0.0838      6.00     10.00     11.00     20.00      0.00
  2.0000   0.0300   1.8000        8.0905    0.1298      4.00      7.00     11.00     46.00      0.00       4.1125    0.0731      2.00      3.00      6.00     25.00      0.00       8.4915    0.0851      6.00     10.00     11.00     20.00      0.00
  2.0000   0.0300   1.7000        8.2055    0.1386      4.00      7.00     11.00     75.00      0.00       4.2615    0.0878      2.00      3.00      6.00     64.00      0.00       8.4085    0.0834      6.00     10.00     11.00     20.00      0.00
  2.0000   0.0300   1.6000        7.9800    0.1282      4.00      7.00     11.00     53.00      0.00       4.0825    0.0776      2.00      3.00      6.00     32.00      0.00       8.5000    0.0847      6.00     10.00     11.00     18.00      0.00
  2.0000   0.0300   1.5000        8.1240    0.1368      4.00      7.00     11.00     57.00      0.00       4.1185    0.0767      1.00      3.00      6.00     27.00      0.00       8.5660    0.0839      6.00     10.00     11.00     19.00      0.00
  2.0000   0.0300   1.4000        8.2040    0.1306      4.00      7.00     11.00     51.00      0.00       4.3565    0.0893      2.00      3.00      6.00     43.00      0.00       8.5910    0.0824      6.00     10.00     11.00     20.00      0.00
  2.0000   0.0300   1.3000        8.4555    0.1450      4.00      7.00     11.00     65.00      0.00       4.4255    0.1008      2.00      3.00      6.00     65.00      0.00       8.5040    0.0824      6.00     10.00     11.00     19.00      0.00
  2.0000   0.0300   1.2000        8.5920    0.1497      4.00      7.00     11.00     88.00      0.00       4.4255    0.0981      2.00      3.00      6.00     70.00      0.00       8.4080    0.0849      6.00     10.00     11.00     20.00      0.00
  2.0000   0.0300   1.1000        8.6740    0.1537      4.00      7.00     11.00     84.00      0.00       4.6240    0.1096      2.00      3.00      6.00     79.00      0.00       8.4135    0.0832      6.00     10.00     11.00     18.00      0.00
  2.0000   0.0300   1.0000        9.0005    0.2189      4.00      7.00     11.00    201.00      0.00       5.1535    0.1935      2.00      3.00      6.00    199.00      0.00       8.4010    0.0831      6.00      9.00     11.00     22.00      0.00
  2.0000   0.0300   0.9000        9.7290    0.3046      4.00      7.00     11.00    385.00      0.00       5.6675    0.2735      2.00      3.00      6.00    380.00      0.00       8.1980    0.0849      6.00      9.00     11.00     20.00      0.00
  2.0000   0.0300   0.8000       10.1065    0.3384      4.00      7.00     12.00    310.00      0.00       5.9090    0.2642      2.00      3.00      6.00    212.00      0.00       8.3725    0.0826      6.00      9.00     11.00     21.00      0.00
  2.0000   0.0300   0.7000       10.8695    0.3701      4.00      7.00     12.00    258.00      0.00       6.5340    0.3099      2.00      4.00      7.00    258.00      0.00       8.2320    0.0851      6.00      9.00     11.00     19.00      0.00
  2.0000   0.0300   0.6000       12.2145    0.5120      4.00      7.00     13.00    447.00      0.00       7.6550    0.4047      2.00      3.00      7.00    305.00      0.00       8.0045    0.0869      6.00      9.00     11.00     19.00      0.00
  2.0000   0.0300   0.5000       13.9515    0.6032      4.00      8.00     13.00    382.00      0.00       9.1970    0.5216      2.00      4.00      8.00    331.00      0.00       7.9100    0.0883      5.00      9.00     11.00     20.00      0.00
  2.0000   0.0300   0.4000       15.2770    0.6631      5.00      8.00     14.00    401.00      0.00      10.8745    0.6429      2.00      4.00      8.00    391.00      0.00       7.8325    0.0865      6.00      8.00     11.00     22.00      0.00
  2.0000   0.0300   0.3000       17.7005    0.9239      5.00      8.00     15.00    827.00      0.00      13.0705    0.8985      2.00      4.00      9.00    827.00      0.00       7.5285    0.0891      5.00      8.00     11.00     19.00      0.00
  2.0000   0.0300   0.2000       25.2480    1.2860      5.00     10.00     19.00    827.00      0.00      19.2350    1.0874      2.00      5.00     12.00    571.00      0.00       7.2285    0.0898      4.00      8.00     10.00     22.00      0.00
  2.0000   0.0300   0.1000       38.6000    1.9380      6.00     11.00     29.00   1812.00      0.00      32.6115    1.8685      2.00      6.00     23.00   1812.00      0.00       6.2245    0.0926      2.00      7.00      9.00     24.00      0.00
  2.0000   0.0200   2.0000       10.8595    0.1807      5.00      9.00     14.00     77.00      0.00       5.8395    0.1151      2.00      5.00      8.00     55.00      0.00       8.3110    0.0852      6.00     10.00     11.00     24.00      0.00
  2.0000   0.0200   1.9000       10.9295    0.1855      5.00      9.00     14.00     76.00      0.00       5.8765    0.1148      2.00      5.00      8.00     58.00      0.00       8.4255    0.0845      6.00     10.00     11.00     19.00      0.00
  2.0000   0.0200   1.8000       11.3140    0.2064      5.00      9.00     15.00    105.00      0.00       6.3270    0.1408      2.00      5.00      9.00    102.00      0.00       8.2330    0.0849      6.00     10.00     11.00     20.00      0.00
  2.0000   0.0200   1.7000       11.0225    0.2003      5.00      9.00     14.00    120.00      0.00       6.0950    0.1311      2.00      4.00      8.00     63.00      0.00       8.3090    0.0829      6.00      9.00     11.00     19.00      0.00
  2.0000   0.0200   1.6000       11.0370    0.2031      5.00      9.00     14.00     88.00      0.00       5.9825    0.1292      2.00      4.00      8.00     69.00      0.00       8.3445    0.0836      6.00      9.00     11.00     20.00      0.00
  2.0000   0.0200   1.5000       11.2530    0.2112      5.00      9.00     14.00    106.00      0.00       6.1390    0.1366      2.00      5.00      8.00    101.00      0.00       8.2920    0.0846      6.00     10.00     11.00     19.00      0.00
  2.0000   0.0200   1.4000       11.1300    0.2053      5.00      9.00     15.00    141.00      0.00       6.2110    0.1301      2.00      4.00      8.00     56.00      0.00       8.1650    0.0853      6.00      9.00     11.00     24.00      0.00
  2.0000   0.0200   1.3000       11.4220    0.2302      5.00      9.00     14.00    121.00      0.00       6.4160    0.1554      2.00      5.00      8.00    108.00      0.00       8.4375    0.0819      6.00     10.00     11.00     17.00      0.00
  2.0000   0.0200   1.2000       11.5500    0.2390      5.00      9.00     15.00    143.00      0.00       6.7315    0.1886      2.00      5.00      9.00    141.00      0.00       8.1950    0.0848      6.00      9.00     11.00     21.00      0.00
  2.0000   0.0200   1.1000       11.7135    0.2480      5.00      9.00     15.00    182.00      0.00       6.7630    0.1896      2.00      5.00      9.00    182.00      0.00       7.9750    0.0854      6.00      9.00     11.00     19.00      0.00
  2.0000   0.0200   1.0000       12.0000    0.2802      5.00      9.00     15.00    148.00      0.00       7.0250    0.2073      2.00      5.00      9.00    146.00      0.00       8.0110    0.0843      6.00      9.00     11.00     22.00      0.00
  2.0000   0.0200   0.9000       12.3505    0.2718      5.00      9.00     15.00    188.00      0.00       7.2330    0.2076      2.00      5.00      9.00    152.00      0.00       8.0745    0.0846      6.00      9.00     11.00     23.00      0.00
  2.0000   0.0200   0.8000       13.0895    0.3703      5.00      9.00     15.00    346.00      0.00       8.0205    0.3329      2.00      5.00      9.00    345.00      0.00       8.0075    0.0838      6.00      9.00     11.00     20.00      0.00
  2.0000   0.0200   0.7000       14.2155    0.5606      5.00      9.00     16.00    714.00      0.00       8.9880    0.3607      2.00      5.00     10.00    286.00      0.00       7.8085    0.0843      6.00      9.00     11.00     22.00      0.00
  2.0000   0.0200   0.6000       14.9830    0.6142      5.00     10.00     17.00    893.00      0.00       9.9055    0.5628      2.00      6.00     11.00    841.00      0.00       7.7025    0.0848      6.00      8.00     11.00     19.00      0.00
  2.0000   0.0200   0.5000       16.9795    0.6851      5.00     10.00     18.00    506.00      0.00      11.6850    0.6353      2.00      5.00     11.00    506.00      0.00       7.5860    0.0878      5.00      8.00     11.00     17.00      0.00
  2.0000   0.0200   0.4000       18.1435    0.8236      5.00     10.00     17.00    729.00      0.00      12.6070    0.7001      2.00      6.00     11.00    729.00      0.00       7.4105    0.0868      5.00      8.00     10.00     19.00      0.00
  2.0000   0.0200   0.3000       24.1510    1.0993      6.00     11.00     21.00    684.00      0.00      18.2325    1.0527      2.00      6.00     14.00    684.00      0.00       7.2055    0.0872      5.00      8.00     10.00     19.00      0.00
  2.0000   0.0200   0.2000       25.3345    1.1828      6.00     11.00     22.00    713.00      0.00      19.7570    1.0812      3.00      6.00     16.00    609.00      0.00       6.6970    0.0899      3.00      7.00     10.00     21.00      0.00
  2.0000   0.0200   0.1000       39.4525    1.7489      7.00     13.00     33.00    835.00      0.00      31.1310    1.5623      3.00      8.00     23.00    789.00      0.00       6.0480    0.0884      2.00      7.00      9.00     23.00      0.00
  2.0000   0.0100   2.0000       18.7380    0.3745      7.00     14.00     25.00    225.00      0.00      12.1315    0.2965      4.00      8.00     16.00    217.00      0.00       7.7295    0.0864      6.00      9.00     11.00     19.00      0.00
  2.0000   0.0100   1.9000       18.9375    0.3925      8.00     14.00     24.00    208.00      0.00      12.5250    0.3080      4.00      9.00     16.00    167.00      0.00       7.5790    0.0867      5.00      8.00     11.00     18.00      0.00
  2.0000   0.0100   1.8000       18.9025    0.3800      8.00     14.00     25.00    161.00      0.00      12.0420    0.2738      4.00      9.00     15.00    125.00      0.00       7.6465    0.0857      6.00      8.00     11.00     17.00      0.00
  2.0000   0.0100   1.7000       19.1095    0.3999      8.00     14.00     25.00    227.00      0.00      12.1675    0.2821      4.00      9.00     16.00    179.00      0.00       7.7405    0.0880      6.00      9.00     11.00     17.00      0.00
  2.0000   0.0100   1.6000       18.7780    0.3798      8.00     14.00     24.00    195.00      0.00      12.2500    0.2899      4.00      9.00     16.00    186.00      0.00       7.5390    0.0881      5.00      8.00     11.00     17.00      0.00
  2.0000   0.0100   1.5000       18.6270    0.3914      7.00     14.00     24.00    171.00      0.00      12.2075    0.2952      4.00      8.00     16.00    107.00      0.00       7.6200    0.0879      5.00      8.00     11.00     19.00      0.00
  2.0000   0.0100   1.4000       19.2500    0.4088      7.00     14.00     25.00    220.00      0.00      12.5990    0.3079      4.00      8.00     16.00    196.00      0.00       7.4745    0.0881      5.00      8.00     11.00     17.00      0.00
  2.0000   0.0100   1.3000       19.5525    0.4062      8.00     14.00     25.00    152.00      0.00      12.7710    0.3093      4.00      9.00     16.00    150.00      0.00       7.4290    0.0869      5.00      8.00     11.00     19.00      0.00
  2.0000   0.0100   1.2000       20.1620    0.4107      8.00     15.00     27.00    158.00      0.00      13.7400    0.3343      4.00      9.00     18.00    158.00      0.00       7.5235    0.0890      5.00      8.00     11.00     18.00      0.00
  2.0000   0.0100   1.1000       19.9025    0.4287      7.00     14.00     26.00    161.00      0.00      13.1160    0.3228      4.00      9.00     17.00    149.00      0.00       7.5460    0.0872      5.00      8.00     11.00     20.00      0.00
  2.0000   0.0100   1.0000       21.0915    0.4996      7.00     15.00     27.00    389.00      0.00      14.2705    0.3827      4.00      9.00     18.00    177.00      0.00       7.3650    0.0885      5.00      8.00     11.00     20.00      0.00
  2.0000   0.0100   0.9000       22.1210    0.5305      8.00     15.00     28.00    316.00      0.00      15.3430    0.4456      4.00     10.00     19.00    314.00      0.00       7.2855    0.0881      5.00      8.00     10.00     16.00      0.00
  2.0000   0.0100   0.8000       22.3255    0.5512      8.00     15.00     29.00    368.00      0.00      15.4710    0.4657      4.00      9.00     19.00    367.00      0.00       7.1590    0.0879      5.00      8.00     10.00     20.00      0.00
  2.0000   0.0100   0.7000       23.6705    0.6038      8.00     16.00     30.00    364.00      0.00      16.9020    0.5225      4.00     10.00     21.00    364.00      0.00       7.0835    0.0868      4.00      8.00     10.00     16.00      0.00
  2.0000   0.0100   0.6000       25.1405    0.7578      8.00     16.00     31.00    732.00      0.00      18.1270    0.6578      4.00     10.00     22.00    732.00      0.00       6.9815    0.0894      4.00      8.00     10.00     19.00      0.00
  2.0000   0.0100   0.5000       24.9065    0.7028      8.00     16.00     30.00    466.00      0.00      18.4260    0.6390      4.00     10.00     22.00    466.00      0.00       6.8090    0.0891      4.00      7.00     10.00     18.00      0.00
  2.0000   0.0100   0.4000       26.2615    0.8667      8.00     16.00     31.00    702.00      0.00      19.6355    0.8026      4.00     10.00     23.00    697.00      0.00       6.6460    0.0882      4.00      7.00     10.00     22.00      0.00
  2.0000   0.0100   0.3000       31.1535    1.1267      8.00     17.00     34.00    594.00      0.00      24.2440    1.0365      4.00     11.00     26.00    594.00      0.00       6.3000    0.0885      3.00      7.00      9.00     19.00      0.00
  2.0000   0.0100   0.2000       34.3095    1.2577      8.00     18.00     37.00    868.00      0.00      27.8150    1.2124      5.00     12.00     29.00    868.00      0.00       6.0360    0.0858      3.00      7.00      9.00     19.00      0.00
  2.0000   0.0100   0.1000       41.0975    1.5010      9.00     21.00     44.00    655.00      0.00      33.5745    1.4374      5.00     14.00     35.00    655.00      0.00       5.4165    0.0845      2.00      6.00      8.00     19.00      0.00
  1.6000   0.0500   2.0000        8.0135    0.1304      4.00      7.00     10.00     59.00      0.00       2.8895    0.0517      1.00      2.00      4.00     22.00      0.00      10.2350    0.0936      8.00     11.00     13.00     25.00      0.00
  1.6000   0.0500   1.9000        7.8575    0.1260      4.00      7.00     10.00     55.00      0.00       2.8495    0.0510      1.00      2.00      4.00     19.00      0.00      10.3290    0.0940      8.00     11.00     13.00     27.00      0.00
  1.6000   0.0500   1.8000        7.9460    0.1242      4.00      7.00     10.00     45.00      0.00       2.8970    0.0522      1.00      2.00      4.00     18.00      0.00      10.5070    0.0921      8.00     11.00     13.00     27.00      0.00
  1.6000   0.0500   1.7000        7.7115    0.1222      4.00      6.00     10.00     61.00      0.00       2.8235    0.0503      1.00      2.00      4.00     20.00      0.00      10.4015    0.0936      8.00     11.00     13.00     28.00      0.00
  1.6000   0.0500   1.6000        8.1230    0.1297      4.00      7.00     10.00     82.00      0.00       3.0540    0.0574      1.00      2.00      4.00     30.00      0.00      10.3910    0.0955      8.00     11.00     13.00     27.00      0.00
  1.6000   0.0500   1.5000        7.8805    0.1200      4.00      7.00     10.00     46.00      0.00       2.9450    0.0517      1.00      2.00      4.00     20.00      0.00      10.4260    0.0917      8.00     11.00     13.00     27.00      0.00
  1.6000   0.0500   1.4000        7.9695    0.1273      4.00      7.00     10.00     71.00      0.00       2.9785    0.0542      1.00      2.00      4.00     20.00      0.00      10.3510    0.0952      8.00     11.00     13.00     27.00      0.00
  1.6000   0.0500   1.3000        8.0755    0.1373      4.00      7.00     10.00     83.00      0.00       3.0485    0.0696      1.00      2.00      4.00     56.00      0.00      10.2130    0.0920      8.00     11.00     13.00     26.00      0.00
  1.6000   0.0500   1.2000        8.2955    0.1395      4.00      7.00     10.00     48.00      0.00       3.1565    0.0717      1.00      2.00      4.00     47.00      0.00      10.2315    0.0942      8.00     11.00     13.00     25.00      0.00
  1.6000   0.0500   1.1000        8.2335    0.1517      4.00      7.00     11.00     81.00      0.00       3.2135    0.0839      1.00      2.00      4.00     70.00      0.00      10.0155    0.0963      7.00     11.00     13.00     26.00      0.00
  1.6000   0.0500   1.0000        8.9615    0.2172      4.00      7.00     11.00    178.00      0.00       3.7990    0.1298      1.00      2.00      4.00    102.00      0.00      10.2885    0.0926      8.00     11.00     13.00     27.00      0.00
  1.6000   0.0500   0.9000        8.3830    0.1618      4.00      7.00     10.00    104.00      0.00       3.3510    0.0908      1.00      2.00      4.00     86.00      0.00      10.2240    0.0963      8.00     11.00     13.00     27.00      0.00
  1.6000   0.0500   0.8000        9.4980    0.2787      4.00      7.00     11.00    216.00      0.00       3.8415    0.1739      1.00      2.00      4.00    177.00      0.00      10.1195    0.0951      8.00     11.00     13.00     27.00      0.00
  1.6000   0.0500   0.7000       10.5675    0.3574      4.00      7.00     12.00    300.00      0.00       4.9340    0.2693      1.00      3.00      5.00    256.00      0.00      10.0155    0.0951      8.00     11.00     13.00     26.00      0.00
  1.6000   0.0500   0.6000       11.7445    0.5282      4.00      7.00     12.00    533.00      0.00       6.0005    0.4461      1.00      3.00      5.00    533.00      0.00       9.7400    0.0975      7.00     10.00     12.00     25.00      0.00
  1.6000   0.0500   0.5000       12.7920    0.5490      4.00      7.00     12.00    405.00      0.00       6.6495    0.4361      1.00      3.00      5.00    405.00      0.00       9.9480    0.0972      8.00     10.00     13.00     28.00      0.00
  1.6000   0.0500   0.4000       15.0920    0.7335      4.00      8.00     13.00    508.00      0.00       8.6430    0.5837      1.00      3.00      6.00    374.00      0.00       9.7375    0.1025      7.00     10.00     13.00     26.00      0.00
  1.6000   0.0500   0.3000       20.0125    0.9859      5.00      9.00     15.00    554.00      0.00      12.4370    0.8072      1.00      3.00      7.00    554.00      0.00       9.2825    0.1078      6.00     10.00     12.00     26.00      0.00
  1.6000   0.0500   0.2000       24.4680    1.2305      5.00      9.00     18.00    909.00      0.00      16.5240    1.1029      2.00      4.00      8.00    909.00      0.00       8.7255    0.1064      6.00     10.00     12.00     24.00      0.00
  1.6000   0.0500   0.1000       40.5695    1.7802      6.00     12.00     36.00    954.00      0.00      30.8970    1.5865      2.00      5.00     23.00    858.00      0.00       7.7250    0.1158      3.00      8.00     11.00     26.00      0.00
  1.6000   0.0400   2.0000        9.1005    0.1457      4.00      8.00     12.00     58.00      0.00       3.3525    0.0630      1.00      3.00      4.00     33.00      0.00      10.2750    0.0905      8.00     11.00     13.00     28.00      0.00
  1.6000   0.0400   1.9000        8.9550    0.1412      4.00      7.00     12.00     56.00      0.00       3.3815    0.0610      1.00      3.00      5.00     21.00      0.00      10.1455    0.0928      8.00     11.00     13.00     29.00      0.00
  1.6000   0.0400   1.8000        9.0420    0.1429      5.00      7.00     12.00     66.00      0.00       3.4220    0.0627      1.00      3.00      5.00     27.00      0.00      10.2770    0.0945      8.00     11.00     13.00     30.00      0.00
  1.6000   0.0400   1.7000        9.1690    0.1594      4.00      8.00     12.00     70.00      0.00       3.2820    0.0576      1.00      2.00      4.00     18.00      0.00      10.1120    0.0931      8.00     11.00     13.00     25.00      0.00
  1.6000   0.0400   1.6000        8.9935    0.1433      4.00      7.00     12.00     51.00      0.00       3.4360    0.0611      1.00      3.00      5.00     19.00      0.00      10.1600    0.0925      8.00     11.00     13.00     25.00      0.00
  1.6000   0.0400   1.5000        9.1500    0.1529      4.00      8.00     12.00     65.00      0.00       3.4205    0.0646      1.00      2.00      5.00     30.00      0.00      10.2085    0.0938      8.00     11.00     13.00     34.00      0.00
  1.6000   0.0400   1.4000        9.0440    0.1501      5.00      8.00     12.00     61.00      0.00       3.5315    0.0684      1.00      3.00      5.00     32.00      0.00      10.0535    0.0947      8.00     11.00     13.00     26.00      0.00
  1.6000   0.0400   1.3000        9.3390    0.1542      4.00      8.00     12.00     76.00      0.00       3.6075    0.0700      1.00      3.00      5.00     33.00      0.00      10.0625    0.0942      8.00     11.00     12.00     28.00      0.00
  1.6000   0.0400   1.2000        9.4225    0.1626      5.00      7.00     12.00     90.00      0.00       3.6240    0.0761      1.00      3.00      5.00     39.00      0.00      10.1785    0.0934      8.00     11.00     13.00     27.00      0.00
  1.6000   0.0400   1.1000        9.4720    0.1701      4.00      8.00     12.00    100.00      0.00       3.6875    0.0845      1.00      3.00      5.00     54.00      0.00      10.0715    0.0948      8.00     11.00     13.00     25.00      0.00
  1.6000   0.0400   1.0000        9.6530    0.2199      4.00      8.00     12.00    240.00      0.00       3.8305    0.1015      1.00      3.00      5.00     70.00      0.00      10.0070    0.0926      8.00     11.00     13.00     25.00      0.00
  1.6000   0.0400   0.9000       10.5120    0.2500      5.00      8.00     13.00    213.00      0.00       4.3875    0.1540      1.00      3.00      5.00    114.00      0.00      10.0030    0.0905      8.00     11.00     12.00     25.00      0.00
  1.6000   0.0400   0.8000       10.8625    0.2790      5.00      8.00     13.00    207.00      0.00       4.5150    0.1678      1.00      3.00      5.00    115.00      0.00      10.1110    0.0958      8.00     11.00     13.00     31.00      0.00
  1.6000   0.0400   0.7000       11.7045    0.3584      5.00      8.00     13.00    241.00      0.00       5.3425    0.2635      1.00      3.00      5.00    220.00      0.00       9.8275    0.0943      7.00     11.00     12.00     27.00      0.00
  1.6000   0.0400   0.6000       13.4820    0.5259      5.00      8.00     14.00    443.00      0.00       6.9730    0.4527      2.00      3.00      6.00    443.00      0.00       9.6550    0.0980      7.00     10.00     12.00     26.00      0.00
  1.6000   0.0400   0.5000       13.6745    0.4803      5.00      9.00     15.00    413.00      0.00       7.0360    0.3808      1.00      3.00      6.00    315.00      0.00       9.7360    0.0993      7.00     10.00     12.00     29.00      0.00
  1.6000   0.0400   0.4000       17.0735    0.7719      5.00      9.00     16.00    641.00      0.00       9.8905    0.7005      2.00      3.00      7.00    641.00      0.00       9.5040    0.1005      7.00     10.00     12.00     25.00      0.00
  1.6000   0.0400   0.3000       22.1310    1.1606      5.00      9.00     17.00    988.00      0.00      13.8830    0.9462      2.00      3.00      8.00    652.00      0.00       9.1710    0.1036      7.00     10.00     12.00     26.00      0.00
  1.6000   0.0400   0.2000       26.5475    1.4122      5.00     10.00     20.00    966.00      0.00      18.5125    1.2857      2.00      4.00     10.00    966.00      0.00       8.6405    0.1101      6.00      9.00     12.00     25.00      0.00
  1.6000   0.0400   0.1000       41.6235    2.0042      6.00     14.00     32.00   1147.00      0.00      32.0385    1.9029      2.00      6.00     19.00   1147.00      0.00       7.7535    0.1138      4.00      8.00     11.00     32.00      0.00
  1.6000   0.0300   2.0000       11.0210    0.1908      5.00      9.00     14.00     84.00      0.00       4.3220    0.0844      2.00      3.00      6.00     50.00      0.00       9.8615    0.0941      8.00     11.00     12.00     27.00      0.00
  1.6000   0.0300   1.9000       10.6395    0.1715      5.00      9.00     14.00     62.00      0.00       4.1615    0.0742      2.00      3.00      6.00     35.00      0.00       9.8955    0.0932      8.00     11.00     12.00     25.00      0.00
  1.6000   0.0300   1.8000       10.6330    0.1789      5.00      9.00     14.00     66.00      0.00       4.1880    0.0771      2.00      3.00      6.00     37.00      0.00       9.7000    0.0940      7.00     10.00     12.00     30.00      0.00
  1.6000   0.0300   1.7000       10.7185    0.1853      5.00      9.00     14.00    103.00      0.00       4.1335    0.0771      2.00      3.00      6.00     25.00      0.00       9.8310    0.0902      8.00     11.00     12.00     26.00      0.00
  1.6000   0.0300   1.6000       10.5765    0.1765      5.00      9.00     14.00     68.00      0.00       4.0675    0.0757      2.00      3.00      6.00     26.00      0.00       9.9290    0.0930      8.00     11.00     12.00     28.00      0.00
  1.6000   0.0300   1.5000       10.9010    0.1863      5.00      9.00     14.00     67.00      0.00       4.3525    0.0860      2.00      3.00      6.00     60.00      0.00       9.9790    0.0919      8.00     11.00     12.00     25.00      0.00
  1.6000   0.0300   1.4000       10.6335    0.1863      5.00      9.00     14.00     90.00      0.00       4.2785    0.0878      2.00      3.00      6.00     50.00      0.00       9.8570    0.0944      7.00     10.00     12.00     27.00      0.00
  1.6000   0.0300   1.3000       11.0495    0.2073      5.00      9.00     14.00    122.00      0.00       4.3935    0.0899      2.00      3.00      6.00     45.00      0.00       9.8770    0.0934      8.00     11.00     12.00     28.00      0.00
  1.6000   0.0300   1.2000       11.0735    0.2016      5.00      9.00     14.00     97.00      0.00       4.4130    0.0900      2.00      3.00      6.00     47.00      0.00       9.8825    0.0937      8.00     11.00     12.00     28.00      0.00
  1.6000   0.0300   1.1000       11.3235    0.2177      5.00      9.00     14.00    124.00      0.00       4.8195    0.1233      2.00      3.00      6.00     99.00      0.00       9.6180    0.0934      7.00     10.00     12.00     28.00      0.00
  1.6000   0.0300   1.0000       11.5090    0.2405      5.00      9.00     15.00    193.00      0.00       4.7380    0.1276      2.00      3.00      6.00     72.00      0.00       9.7370    0.0944      7.00     10.00     12.00     30.00      0.00
  1.6000   0.0300   0.9000       12.0685    0.2716      5.00      9.00     15.00    153.00      0.00       5.2375    0.1814      2.00      3.00      6.00    149.00      0.00       9.7105    0.0950      7.00     10.00     12.00     25.00      0.00
  1.6000   0.0300   0.8000       12.6660    0.3401      5.00      9.00     15.00    247.00      0.00       6.0380    0.2659      2.00      3.00      7.00    214.00      0.00       9.7190    0.0950      7.00     10.00     12.00     27.00      0.00
  1.6000   0.0300   0.7000       13.5450    0.4463      5.00      9.00     15.00    396.00      0.00       6.8245    0.3910      2.00      3.00      7.00    391.00      0.00       9.4050    0.0969      7.00     10.00     12.00     25.00      0.00
  1.6000   0.0300   0.6000       14.7570    0.5604      6.00     10.00     16.00    673.00      0.00       7.1770    0.3636      2.00      4.00      7.00    377.00      0.00       9.5530    0.0963      7.00     10.00     12.00     28.00      0.00
  1.6000   0.0300   0.5000       16.7020    0.5929      5.00     10.00     18.00    309.00      0.00       8.8415    0.4546      2.00      4.00      8.00    287.00      0.00       9.4320    0.1011      7.00     10.00     12.00     31.00      0.00
  1.6000   0.0300   0.4000       18.0895    0.7619      6.00     10.00     18.00    572.00      0.00      10.2505    0.6698      2.00      4.00      8.00    572.00      0.00       9.2030    0.1015      7.00     10.00     12.00     25.00      0.00
  1.6000   0.0300   0.3000       23.2325    1.1418      6.00     11.00     21.00   1233.00      0.00      14.9025    1.0138      2.00      4.00     10.00   1231.00      0.00       8.8300    0.1028      6.00     10.00     12.00     30.00      0.00
  1.6000   0.0300   0.2000       28.3590    1.3527      6.00     12.00     23.00    769.00      0.00      19.4610    1.2007      2.00      5.00     12.00    769.00      0.00       8.6205    0.1060      6.00      9.00     12.00     30.00      0.00
  1.6000   0.0300   0.1000       42.3665    2.0543      7.00     14.00     33.00   1202.00      0.00      31.1980    1.8108      3.00      7.00     20.00   1190.00      0.00       7.5280    0.1123      3.00      8.00     11.00     26.00      0.00
  1.6000   0.0200   2.0000       14.3070    0.2615      7.00     11.00     18.00    119.00      0.00       5.9425    0.1197      2.00      5.00      8.00     60.00      0.00       9.6320    0.0928      7.00     10.00     12.00     26.00      0.00
  1.6000   0.0200   1.9000       14.3715    0.2680      6.00     11.00     18.00    106.00      0.00       5.8270    0.1173      2.00      4.00      8.00     60.00      0.00       9.6745    0.0926      7.00     10.00     12.00     24.00      0.00
  1.6000   0.0200   1.8000       14.3875    0.2703      6.00     11.00     19.00    131.00      0.00       5.9105    0.1190      2.00      5.00      8.00     85.00      0.00       9.6905    0.0912      7.00     11.00     12.00     25.00      0.00
  1.6000   0.0200   1.7000       14.6440    0.2719      6.00     12.00     19.00    117.00      0.00       6.0410    0.1186      2.00      5.00      8.00     47.00      0.00       9.5640    0.0958      7.00     10.00     12.00     26.00      0.00
  1.6000   0.0200   1.6000       13.9835    0.2575      6.00     11.00     18.00    124.00      0.00       5.8030    0.1196      2.00      4.00      8.00     70.00      0.00       9.5430    0.0922      7.00     10.00     12.00     33.00      0.00
  1.6000   0.0200   1.5000       14.5345    0.2549      6.00     12.00     19.00     88.00      0.00       6.0470    0.1261      2.00      4.00      8.00     63.00      0.00       9.5770    0.0933      7.00     10.00     12.00     24.00      0.00
  1.6000   0.0200   1.4000       14.4515    0.2756      6.00     12.00     19.00    120.00      0.00       6.1980    0.1424      2.00      5.00      8.00     89.00      0.00       9.3780    0.0942      7.00     10.00     12.00     26.00      0.00
  1.6000   0.0200   1.3000       14.8525    0.2767      6.00     11.00     19.00    116.00      0.00       6.4150    0.1462      2.00      5.00      8.00     82.00      0.00       9.3910    0.0920      7.00     10.00     12.00     22.00      0.00
  1.6000   0.0200   1.2000       14.9975    0.2976      7.00     11.00     19.00    192.00      0.00       6.6775    0.1866      2.00      5.00      9.00    191.00      0.00       9.4760    0.0930      7.00     10.00     12.00     26.00      0.00
  1.6000   0.0200   1.1000       14.7275    0.3235      7.00     11.00     19.00    343.00      0.00       6.4095    0.1613      2.00      5.00      8.00    113.00      0.00       9.5485    0.0926      7.00     10.00     12.00     27.00      0.00
  1.6000   0.0200   1.0000       15.5170    0.3354      7.00     12.00     20.00    260.00      0.00       6.8555    0.2104      2.00      5.00      9.00    259.00      0.00       9.4705    0.0948      7.00     10.00     12.00     24.00      0.00
  1.6000   0.0200   0.9000       15.7745    0.3601      6.00     11.00     20.00    218.00      0.00       7.3360    0.2460      2.00      5.00      9.00    168.00      0.00       9.4550    0.0955      7.00     10.00     12.00     26.00      0.00
  1.6000   0.0200   0.8000       16.1455    0.3904      7.00     12.00     20.00    244.00      0.00       7.6915    0.2631      2.00      5.00      9.00    178.00      0.00       9.3675    0.0953      7.00     10.00     12.00     23.00      0.00
  1.6000   0.0200   0.7000       17.7950    0.5222      7.00     12.00     21.00    519.00      0.00       8.9210    0.4157      2.00      5.00     10.00    519.00      0.00       9.2230    0.0984      7.00     10.00     12.00     27.00      0.00
  1.6000   0.0200   0.6000       18.4790    0.5578      7.00     12.00     22.00    353.00      0.00      10.0740    0.4734      2.00      5.00     10.00    353.00      0.00       9.0820    0.0985      7.00     10.00     12.00     25.00      0.00
  1.6000   0.0200   0.5000       19.7360    0.6378      7.00     12.00     22.00    424.00      0.00      11.3555    0.5531      3.00      5.00     11.00    371.00      0.00       8.9165    0.0985      7.00     10.00     12.00     26.00      0.00
  1.6000   0.0200   0.4000       22.0295    0.7690      7.00     13.00     24.00    393.00      0.00      12.4665    0.6156      2.00      6.00     12.00    376.00      0.00       8.8350    0.1011      6.00      9.00     12.00     29.00      0.00
  1.6000   0.0200   0.3000       27.1800    1.1070      7.00     14.00     26.00    674.00      0.00      17.1755    0.9074      3.00      6.00     14.00    515.00      0.00       8.6705    0.1031      6.00      9.00     12.00     26.00      0.00
  1.6000   0.0200   0.2000       31.4900    1.2628      8.00     15.00     30.00    795.00      0.00      22.6120    1.2085      3.00      7.00     17.00    795.00      0.00       7.8675    0.1050      5.00      9.00     11.00     26.00      0.00
  1.6000   0.0200   0.1000       41.6615    1.7186      8.00     18.00     38.00   1168.00      0.00      30.3640    1.5975      3.00      9.00     24.00   1168.00      0.00       7.3330    0.1104      3.00      8.00     11.00     31.00      0.00
  1.6000   0.0100   2.0000       23.9445    0.4894      9.00     17.00     31.00    203.00      0.00      12.0715    0.2995      4.00      9.00     15.00    194.00      0.00       8.8255    0.0970      6.00     10.00     12.00     26.00      0.00
  1.6000   0.0100   1.9000       24.0430    0.4758     10.00     18.00     32.00    178.00      0.00      12.6035    0.3001      4.00      9.00     16.00    178.00      0.00       8.7460    0.0978      6.00     10.00     12.00     25.00      0.00
  1.6000   0.0100   1.8000       25.0220    0.5397      9.00     18.00     33.00    235.00      0.00      12.3940    0.3076      4.00      8.00     16.00    225.00      0.00       8.8685    0.1016      6.00     10.00     12.00     26.00      0.00
  1.6000   0.0100   1.7000       24.7280    0.5241      9.00     19.00     33.00    364.00      0.00      12.7290    0.3081      4.00      9.00     17.00    164.00      0.00       8.7725    0.1007      6.00     10.00     12.00     26.00      0.00
  1.6000   0.0100   1.6000       23.4555    0.4747      9.00     17.00     32.00    211.00      0.00      12.0075    0.2783      4.00      8.00     16.00    105.00      0.00       8.7240    0.1006      6.00     10.00     12.00     25.00      0.00
  1.6000   0.0100   1.5000       24.8685    0.5187      9.00     18.00     33.00    215.00      0.00      12.8375    0.3086      4.00      9.00     17.00    187.00      0.00       8.7065    0.1027      6.00     10.00     12.00     30.00      0.00
  1.6000   0.0100   1.4000       24.8680    0.5091      9.00     19.00     33.00    191.00      0.00      12.9565    0.3263      4.00      8.00     17.00    190.00      0.00       8.6825    0.1000      6.00     10.00     12.00     26.00      0.00
  1.6000   0.0100   1.3000       25.4920    0.5565      9.00     18.00     33.00    252.00      0.00      13.1260    0.3188      4.00      9.00     17.00    133.00      0.00       8.5975    0.0999      6.00     10.00     12.00     25.00      0.00
  1.6000   0.0100   1.2000       25.2490    0.5216     10.00     19.00     34.00    207.00      0.00      13.6645    0.3549      4.00      9.00     17.00    174.00      0.00       8.6900    0.0982      6.00      9.00     12.00     23.00      0.00
  1.6000   0.0100   1.1000       25.0165    0.5011     10.00     18.00     34.00    232.00      0.00      13.6815    0.3452      4.00      9.00     18.00    181.00      0.00       8.5405    0.0997      6.00      9.00     12.00     24.00      0.00
  1.6000   0.0100   1.0000       25.9885    0.5533     10.00     19.00     34.00    276.00      0.00      14.6955    0.3995      4.00      9.00     19.00    276.00      0.00       8.4660    0.1012      6.00      9.00     11.00     24.00      0.00
  1.6000   0.0100   0.9000       26.9585    0.6219     10.00     18.00     35.00    512.00      0.00      15.3025    0.4790      4.00      9.00     18.00    507.00      0.00       8.5590    0.1034      6.00      9.00     12.00     29.00      0.00
  1.6000   0.0100   0.8000       27.9855    0.6494     10.00     20.00     36.00    331.00      0.00      15.6410    0.4865      4.00      9.00     20.00    327.00      0.00       8.3375    0.1048      6.00      9.00     11.00     37.00      0.00
  1.6000   0.0100   0.7000       28.1875    0.7156     10.00     20.00     37.00    719.00      0.00      16.6545    0.5954      4.00     10.00     21.00    681.00      0.00       8.0695    0.1026      5.00      9.00     11.00     25.00      0.00
  1.6000   0.0100   0.6000       30.6970    0.8078     10.00     20.00     39.00    447.00      0.00      18.2470    0.6390      4.00     10.00     22.00    447.00      0.00       8.1800    0.1040      5.00      9.00     11.00     33.00      0.00
  1.6000   0.0100   0.5000       32.0835    0.9497     10.00     21.00     39.00    538.00      0.00      20.6525    0.8412      5.00     11.00     23.00    538.00      0.00       7.9500    0.1020      5.00      9.00     11.00     23.00      0.00
  1.6000   0.0100   0.4000       33.8765    1.0985     10.00     21.00     41.00    787.00      0.00      20.4830    0.7819      4.00     10.00     23.00    551.00      0.00       7.9885    0.1047      5.00      9.00     11.00     24.00      0.00
  1.6000   0.0100   0.3000       37.6790    1.2130     11.00     22.00     43.00    925.00      0.00      24.6110    1.0652      5.00     11.00     26.00    923.00      0.00       7.8125    0.1063      5.00      9.00     11.00     27.00      0.00
  1.6000   0.0100   0.2000       42.3135    1.5514     11.00     23.00     47.00   1070.00      0.00      30.3440    1.4429      5.00     13.00     30.00   1070.00      0.00       7.1940    0.1075      3.00      8.00     10.00     28.00      0.00
  1.6000   0.0100   0.1000       50.2445    1.9256     13.00     27.00     53.00   1458.00      0.00      37.0370    1.7988      5.00     15.00     36.00   1458.00      0.00       6.6475    0.1090      2.00      7.00     10.00     33.00      0.00
  1.2000   0.0500   2.0000       11.5695    0.1969      5.00      9.00     15.00     74.00      0.00       2.8515    0.0497      1.00      2.00      4.00     17.00      0.00      13.6365    0.1388     10.00     13.00     17.00     41.00      0.00
  1.2000   0.0500   1.9000       11.6400    0.2033      5.00      9.00     15.00     82.00      0.00       2.9305    0.0510      1.00      2.00      4.00     15.00      0.00      13.2735    0.1384     10.00     13.00     17.00     39.00      0.00
  1.2000   0.0500   1.8000       11.2585    0.1899      5.00      9.00     15.00     92.00      0.00       2.7855    0.0481      1.00      2.00      4.00     21.00      0.00      13.2745    0.1391     10.00     13.00     16.00     40.00      0.00
  1.2000   0.0500   1.7000       11.8410    0.1960      6.00     10.00     16.00     66.00      0.00       2.8485    0.0509      1.00      2.00      4.00     21.00      0.00      13.6390    0.1343     10.00     13.00     17.00     39.00      0.00
  1.2000   0.0500   1.6000       11.9320    0.1954      6.00     10.00     15.00     79.00      0.00       3.0000    0.0537      1.00      2.00      4.00     29.00      0.00      13.3730    0.1359     10.00     13.00     17.00     47.00      0.00
  1.2000   0.0500   1.5000       11.8070    0.1985      6.00      9.00     15.00    104.00      0.00       2.9485    0.0517      1.00      2.00      4.00     23.00      0.00      13.4910    0.1347     10.00     13.00     17.00     49.00      0.00
  1.2000   0.0500   1.4000       12.0430    0.2249      6.00     10.00     16.00    133.00      0.00       3.0090    0.0572      1.00      2.00      4.00     32.00      0.00      13.5840    0.1384     10.00     13.00     17.00     45.00      0.00
  1.2000   0.0500   1.3000       12.1170    0.2169      6.00     10.00     16.00     99.00      0.00       2.9945    0.0623      1.00      2.00      4.00     53.00      0.00      13.4520    0.1368     10.00     13.00     17.00     41.00      0.00
  1.2000   0.0500   1.2000       12.0105    0.2111      6.00      9.00     16.00     81.00      0.00       3.0120    0.0566      1.00      2.00      4.00     25.00      0.00      13.5130    0.1343     10.00     13.00     17.00     44.00      0.00
  1.2000   0.0500   1.1000       11.9625    0.2202      6.00     10.00     15.00    148.00      0.00       3.0945    0.0611      1.00      2.00      4.00     32.00      0.00      13.4980    0.1366     10.00     13.00     17.00     47.00      0.00
  1.2000   0.0500   1.0000       12.7210    0.2539      6.00     10.00     16.00    137.00      0.00       3.3890    0.1003      1.00      2.00      4.00    101.00      0.00      13.3910    0.1358     10.00     13.00     17.00     44.00      0.00
  1.2000   0.0500   0.9000       13.3820    0.3208      6.00     10.00     16.00    217.00      0.00       3.7385    0.1540      1.00      2.00      4.00    167.00      0.00      13.4185    0.1375     10.00     13.00     17.00     40.00      0.00
  1.2000   0.0500   0.8000       13.7470    0.3453      6.00     10.00     16.00    278.00      0.00       4.0900    0.1645      1.00      2.00      4.00    124.00      0.00      13.4730    0.1368     10.00     13.00     17.00     57.00      0.00
  1.2000   0.0500   0.7000       15.0050    0.4203      6.00     10.00     18.00    324.00      0.00       4.4230    0.2115      1.00      2.00      5.00    192.00      0.00      13.4395    0.1446     10.00     13.00     17.00     41.00      0.00
  1.2000   0.0500   0.6000       15.5910    0.5053      6.00     11.00     18.00    392.00      0.00       5.2670    0.2843      1.00      3.00      5.00    216.00      0.00      13.0725    0.1403     10.00     13.00     17.00     39.00      0.00
  1.2000   0.0500   0.5000       18.4505    0.7072      6.00     11.00     18.00    465.00      0.00       7.2850    0.4682      1.00      3.00      5.00    346.00      0.00      12.7145    0.1495      9.00     13.00     16.00     39.00      0.00
  1.2000   0.0500   0.4000       20.2625    0.7461      7.00     12.00     19.00    472.00      0.00       8.9545    0.5341      1.00      3.00      6.00    312.00      0.00      12.5810    0.1477      9.00     12.00     16.00     50.00      0.00
  1.2000   0.0500   0.3000       25.9150    1.1534      7.00     12.00     22.00    614.00      0.00      13.0590    0.9033      1.00      3.00      7.00    496.00      0.00      11.9870    0.1494      8.00     12.00     16.00     42.00      0.00
  1.2000   0.0500   0.2000       34.8435    1.6683      7.00     14.00     27.00   1068.00      0.00      17.8525    1.1053      2.00      4.00      9.00    542.00      0.00      11.5700    0.1582      7.00     12.00     16.00     39.00      0.00
  1.2000   0.0500   0.1000       45.5255    1.8585      8.00     17.00     40.00   1029.00      0.00      28.6355    1.6112      2.00      5.00     18.00   1029.00      0.00      10.8250    0.1709      5.00     11.00     16.00     49.00      0.00
  1.2000   0.0400   2.0000       13.4250    0.2381      6.00     11.00     17.00    122.00      0.00       3.3660    0.0608      1.00      3.00      5.00     24.00      0.00      13.1240    0.1317     10.00     13.00     17.00     42.00      0.00
  1.2000   0.0400   1.9000       13.3805    0.2301      6.00     11.00     18.00     75.00      0.00       3.4025    0.0627      1.00      3.00      5.00     26.00      0.00      13.3955    0.1357     10.00     13.00     17.00     41.00      0.00
  1.2000   0.0400   1.8000       13.6225    0.2436      6.00     11.00     18.00    110.00      0.00       3.3125    0.0621      1.00      2.00      5.00     31.00      0.00      13.0555    0.1371     10.00     13.00     16.00     40.00      0.00
  1.2000   0.0400   1.7000       13.8250    0.2406      6.00     11.00     18.00     96.00      0.00       3.4215    0.0649      1.00      3.00      5.00     39.00      0.00      13.3810    0.1344     10.00     13.00     17.00     42.00      0.00
  1.2000   0.0400   1.6000       13.6295    0.2460      6.00     11.00     18.00    125.00      0.00       3.3790    0.0642      1.00      3.00      5.00     39.00      0.00      13.3145    0.1415     10.00     13.00     17.00     47.00      0.00
  1.2000   0.0400   1.5000       13.6520    0.2309      7.00     11.00     17.00    102.00      0.00       3.3985    0.0615      1.00      3.00      5.00     39.00      0.00      13.0580    0.1330     10.00     13.00     16.00     45.00      0.00
  1.2000   0.0400   1.4000       13.7580    0.2379      6.00     11.00     18.00     88.00      0.00       3.5705    0.0704      1.00      3.00      5.00     62.00      0.00      13.1630    0.1367     10.00     13.00     17.00     42.00      0.00
  1.2000   0.0400   1.3000       14.0890    0.2642      6.00     11.00     18.00    181.00      0.00       3.4610    0.0706      1.00      3.00      5.00     35.00      0.00      13.3945    0.1378     10.00     13.00     17.00     40.00      0.00
  1.2000   0.0400   1.2000       13.9425    0.2587      6.00     11.00     18.00     91.00      0.00       3.6765    0.0861      1.00      3.00      5.00     46.00      0.00      12.9755    0.1386     10.00     13.00     16.00     43.00      0.00
  1.2000   0.0400   1.1000       14.2930    0.3085      7.00     11.00     18.00    309.00      0.00       3.8205    0.0902      1.00      3.00      5.00     67.00      0.00      12.9105    0.1307     10.00     13.00     16.00     41.00      0.00
  1.2000   0.0400   1.0000       14.5455    0.2937      7.00     11.00     19.00    149.00      0.00       3.9505    0.1230      1.00      3.00      5.00    128.00      0.00      13.0355    0.1365     10.00     13.00     16.00     44.00      0.00
  1.2000   0.0400   0.9000       15.1785    0.3618      6.00     11.00     19.00    301.00      0.00       4.3475    0.1544      1.00      3.00      5.00    112.00      0.00      13.1685    0.1395     10.00     13.00     17.00     43.00      0.00
  1.2000   0.0400   0.8000       15.5310    0.3665      6.00     12.00     19.00    199.00      0.00       4.5565    0.2077      1.00      3.00      5.00    197.00      0.00      13.1560    0.1438     10.00     13.00     17.00     46.00      0.00
  1.2000   0.0400   0.7000       16.4820    0.4832      6.00     11.00     19.00    360.00      0.00       5.3720    0.2823      1.00      3.00      5.00    360.00      0.00      12.7285    0.1397     10.00     12.00     16.00     50.00      0.00
  1.2000   0.0400   0.6000       17.0910    0.4823      7.00     12.00     20.00    287.00      0.00       5.7660    0.2937      1.00      3.00      6.00    231.00      0.00      12.7885    0.1396     10.00     13.00     16.00     49.00      0.00
  1.2000   0.0400   0.5000       20.8255    0.7723      7.00     12.00     21.00    450.00      0.00       7.8995    0.4790      1.00      3.00      6.00    397.00      0.00      12.6180    0.1483      9.00     13.00     16.00     50.00      0.00
  1.2000   0.0400   0.4000       22.7080    0.8208      7.00     13.00     23.00    405.00      0.00      10.0545    0.6133      2.00      3.00      7.00    405.00      0.00      12.2675    0.1491      9.00     12.00     16.00     37.00      0.00
  1.2000   0.0400   0.3000       26.5360    1.1794      7.00     13.00     23.00    769.00      0.00      13.2120    0.9538      2.00      3.00      8.00    769.00      0.00      11.8680    0.1482      8.00     12.00     16.00     39.00      0.00
  1.2000   0.0400   0.2000       32.6285    1.4335      8.00     14.00     28.00    749.00      0.00      16.4770    0.9962      2.00      4.00      9.00    657.00      0.00      11.5080    0.1520      8.00     12.00     15.00     41.00      0.00
  1.2000   0.0400   0.1000       48.9025    1.9315      9.00     18.00     44.00    978.00      0.00      31.5130    1.6320      2.00      6.00     22.00    978.00      0.00      10.2080    0.1677      4.00     10.00     15.00     47.00      0.00
  1.2000   0.0300   2.0000       16.5315    0.3037      7.00     13.00     21.00    160.00      0.00       4.3510    0.0839      2.00      3.00      6.00     41.00      0.00      12.9085    0.1330     10.00     13.00     16.00     39.00      0.00
  1.2000   0.0300   1.9000       15.7310    0.2773      7.00     13.00     21.00    162.00      0.00       4.1805    0.0784      2.00      3.00      6.00     40.00      0.00      12.6100    0.1343     10.00     12.00     16.00     42.00      0.00
  1.2000   0.0300   1.8000       16.4795    0.3038      7.00     13.00     21.00    113.00      0.00       4.1185    0.0815      2.00      3.00      6.00     43.00      0.00      12.6690    0.1337     10.00     12.00     16.00     38.00      0.00
  1.2000   0.0300   1.7000       16.2245    0.2909      7.00     13.00     21.00    122.00      0.00       4.1130    0.0748      2.00      3.00      6.00     41.00      0.00      12.9440    0.1340     10.00     13.00     16.00     40.00      0.00
  1.2000   0.0300   1.6000       16.2870    0.2994      7.00     13.00     21.00    134.00      0.00       4.1980    0.0815      2.00      3.00      6.00     50.00      0.00      12.8870    0.1310     10.00     12.00     16.00     40.00      0.00
  1.2000   0.0300   1.5000       16.7965    0.3349      7.00     13.00     22.00    250.00      0.00       4.3270    0.0825      2.00      3.00      6.00     30.00      0.00      12.6545    0.1414      9.00     12.00     16.00     44.00      0.00
  1.2000   0.0300   1.4000       16.3890    0.3056      7.00     13.00     21.00    147.00      0.00       4.6025    0.1027      2.00      3.00      6.00     72.00      0.00      12.6090    0.1346      9.00     12.00     16.00     37.00      0.00
  1.2000   0.0300   1.3000       16.9945    0.3177      7.00     13.00     22.00    148.00      0.00       4.4995    0.1003      2.00      3.00      6.00     90.00      0.00      13.0225    0.1341     10.00     13.00     16.00     45.00      0.00
  1.2000   0.0300   1.2000       16.5410    0.3108      8.00     13.00     21.00    122.00      0.00       4.6820    0.1203      2.00      4.00      6.00    105.00      0.00      12.7260    0.1391     10.00     12.00     16.00     45.00      0.00
  1.2000   0.0300   1.1000       16.7085    0.3364      7.00     13.00     21.00    186.00      0.00       4.6475    0.1160      2.00      3.00      6.00    118.00      0.00      12.8895    0.1376     10.00     13.00     16.00     38.00      0.00
  1.2000   0.0300   1.0000       16.9870    0.3343      7.00     13.00     22.00    162.00      0.00       4.8500    0.1212      2.00      3.00      6.00     74.00      0.00      12.7585    0.1379     10.00     13.00     16.00     41.00      0.00
  1.2000   0.0300   0.9000       18.4200    0.4522      7.00     13.00     22.00    298.00      0.00       5.4185    0.2046      2.00      3.00      6.00    184.00      0.00      12.7135    0.1344      9.00     12.00     16.00     39.00      0.00
  1.2000   0.0300   0.8000       18.0760    0.4614      7.00     13.00     22.00    296.00      0.00       6.1080    0.2588      2.00      4.00      7.00    251.00      0.00      12.6440    0.1446      9.00     12.00     16.00     54.00      0.00
  1.2000   0.0300   0.7000       19.2650    0.4913      7.00     13.00     24.00    294.00      0.00       6.4600    0.2724      2.00      4.00      7.00    255.00      0.00      12.5030    0.1394      9.00     12.00     16.00     36.00      0.00
  1.2000   0.0300   0.6000       20.9500    0.6570      8.00     13.00     23.00    463.00      0.00       7.4910    0.3692      2.00      4.00      7.00    287.00      0.00      12.4595    0.1427      9.00     12.00     16.00     43.00      0.00
  1.2000   0.0300   0.5000       23.4955    0.9066      8.00     14.00     25.00    744.00      0.00       9.1115    0.5685      2.00      4.00      7.00    419.00      0.00      12.3175    0.1477      9.00     12.00     16.00     45.00      0.00
  1.2000   0.0300   0.4000       26.3725    1.1218      8.00     15.00     26.00   1059.00      0.00      11.8380    0.7364      2.00      4.00      9.00    567.00      0.00      11.9195    0.1458      8.00     12.00     16.00     46.00      0.00
  1.2000   0.0300   0.3000       29.6310    1.1753      8.00     16.00     29.00    909.00      0.00      14.5985    0.9429      2.00      4.00     10.00    820.00      0.00      11.9820    0.1571      8.00     12.00     16.00     43.00      0.00
  1.2000   0.0300   0.2000       37.4135    1.5377      8.00     17.00     35.00   1113.00      0.00      20.5280    1.1916      2.00      5.00     13.00    792.00      0.00      11.1110    0.1570      7.00     11.00     15.00     41.00      0.00
  1.2000   0.0300   0.1000       46.6260    1.9397     10.00     20.00     43.00   1113.00      0.00      27.7760    1.5507      3.00      6.00     18.00   1062.00      0.00      10.3380    0.1652      5.00     10.00     15.00     45.00      0.00
  1.2000   0.0200   2.0000       21.0480    0.3931      9.00     16.00     28.00    147.00      0.00       5.8640    0.1188      2.00      4.00      8.00     71.00      0.00      12.1810    0.1328      9.00     12.00     15.00     37.00      0.00
  1.2000   0.0200   1.9000       20.9375    0.3841      9.00     16.00     28.00    134.00      0.00       5.8035    0.1170      2.00      4.00      8.00     55.00      0.00      11.9280    0.1373      9.00     12.00     15.00     37.00      0.00
  1.2000   0.0200   1.8000       21.2555    0.4081      9.00     16.00     28.00    197.00      0.00       6.0185    0.1212      2.00      5.00      8.00     66.00      0.00      11.9760    0.1370      9.00     12.00     15.00     36.00      0.00
  1.2000   0.0200   1.7000       21.8105    0.4410      9.00     16.00     29.00    220.00      0.00       6.2695    0.1381      2.00      5.00      8.00     57.00      0.00      12.2415    0.1384      9.00     12.00     16.00     43.00      0.00
  1.2000   0.0200   1.6000       21.1235    0.3966      9.00     16.00     29.00    144.00      0.00       6.0760    0.1243      2.00      5.00      8.00     67.00      0.00      12.1020    0.1365      9.00     12.00     15.00     40.00      0.00
  1.2000   0.0200   1.5000       21.2090    0.4025      9.00     16.00     29.00    150.00      0.00       6.0365    0.1210      2.00      5.00      8.00     53.00      0.00      12.0760    0.1307      9.00     12.00     15.00     41.00      0.00
  1.2000   0.0200   1.4000       22.2750    0.4318      9.00     17.00     29.00    218.00      0.00       6.1935    0.1321      2.00      5.00      8.00     70.00      0.00      12.2850    0.1367      9.00     12.00     16.00     37.00      0.00
  1.2000   0.0200   1.3000       21.0755    0.3979      9.00     16.00     28.00    136.00      0.00       6.3135    0.1452      2.00      5.00      8.00     96.00      0.00      12.2300    0.1357      9.00     12.00     16.00     35.00      0.00
  1.2000   0.0200   1.2000       21.7820    0.4441      9.00     16.00     28.00    204.00      0.00       6.3560    0.1515      2.00      4.00      8.00     88.00      0.00      12.1575    0.1337      9.00     12.00     15.00     34.00      0.00
  1.2000   0.0200   1.1000       22.4165    0.4652      9.00     17.00     29.00    300.00      0.00       6.8235    0.2136      2.00      5.00      9.00    295.00      0.00      12.1515    0.1416      9.00     12.00     16.00     38.00      0.00
  1.2000   0.0200   1.0000       23.1205    0.5075      9.00     17.00     30.00    422.00      0.00       7.0150    0.1693      2.00      5.00      9.00     79.00      0.00      12.0945    0.1388      9.00     12.00     16.00     46.00      0.00
  1.2000   0.0200   0.9000       23.3795    0.4815      9.00     17.00     31.00    228.00      0.00       7.2890    0.2072      2.00      5.00      9.00    134.00      0.00      11.9445    0.1406      9.00     12.00     16.00     38.00      0.00
  1.2000   0.0200   0.8000       24.4735    0.6069      9.00     17.00     30.00    416.00      0.00       8.5135    0.3627      2.00      5.00     10.00    412.00      0.00      11.8890    0.1403      8.00     12.00     16.00     36.00      0.00
  1.2000   0.0200   0.7000       24.4060    0.6298      9.00     17.00     30.00    392.00      0.00       8.4885    0.3632      2.00      5.00     10.00    305.00      0.00      11.8550    0.1418      9.00     12.00     15.00     45.00      0.00
  1.2000   0.0200   0.6000       26.0255    0.7463      9.00     17.00     31.00    386.00      0.00      10.1400    0.4602      2.00      5.00     10.00    276.00      0.00      11.6675    0.1428      8.00     12.00     15.00     39.00      0.00
  1.2000   0.0200   0.5000       27.2245    0.8793      9.00     17.00     31.00    825.00      0.00      11.3710    0.6776      2.00      5.00     11.00    825.00      0.00      11.4540    0.1513      8.00     12.00     15.00     60.00      0.00
  1.2000   0.0200   0.4000       29.8810    0.9609     10.00     19.00     34.00    688.00      0.00      12.4180    0.6040      2.00      6.00     12.00    383.00      0.00      11.3560    0.1486      8.00     11.00     15.00     49.00      0.00
  1.2000   0.0200   0.3000       36.0780    1.2819     10.00     20.00     38.00    723.00      0.00      18.9840    1.1085      3.00      6.00     14.00    716.00      0.00      11.0040    0.1502      7.00     11.00     15.00     36.00      0.00
  1.2000   0.0200   0.2000       38.7940    1.4200     11.00     21.00     40.00    703.00      0.00      21.7915    1.2536      3.00      7.00     16.00    631.00      0.00      10.5880    0.1599      6.00     11.00     15.00     44.00      0.00
  1.2000   0.0200   0.1000       52.7585    1.8519     12.00     25.00     55.00    917.00      0.00      31.6840    1.5541      3.00      8.00     24.00    917.00      0.00       9.8225    0.1652      3.00     10.00     15.00     38.00      0.00
  1.2000   0.0100   2.0000       35.0710    0.6991     13.00     26.00     48.00    256.00      0.00      11.6470    0.2477      4.00      9.00     16.00     89.00      0.00      10.9540    0.1398      7.00     11.00     15.00     37.00      0.00
  1.2000   0.0100   1.9000       36.5440    0.7675     13.00     27.00     49.00    446.00      0.00      12.4300    0.3122      4.00      9.00     16.00    170.00      0.00      11.0100    0.1415      7.00     11.00     15.00     43.00      0.00
  1.2000   0.0100   1.8000       36.3250    0.7518     13.00     25.00     50.00    317.00      0.00      12.3785    0.2948      4.00      9.00     16.00    130.00      0.00      11.1140    0.1438      7.00     11.00     15.00     38.00      0.00
  1.2000   0.0100   1.7000       35.0145    0.6937     13.00     26.00     48.00    280.00      0.00      11.9255    0.2892      4.00      8.00     16.00    171.00      0.00      11.1775    0.1396      7.00     12.00     15.00     45.00      0.00
  1.2000   0.0100   1.6000       34.7985    0.6939     13.00     25.00     48.00    238.00      0.00      11.9435    0.2713      4.00      8.00     16.00     95.00      0.00      10.8650    0.1430      7.00     11.00     15.00     45.00      0.00
  1.2000   0.0100   1.5000       34.2715    0.7083     13.00     25.00     45.00    246.00      0.00      12.2545    0.2922      4.00      8.00     16.00    142.00      0.00      10.9020    0.1428      7.00     11.00     15.00     38.00      0.00
  1.2000   0.0100   1.4000       35.1770    0.6820     13.00     26.00     48.00    248.00      0.00      12.3725    0.2860      4.00      9.00     16.00    119.00      0.00      10.8700    0.1448      7.00     11.00     15.00     34.00      0.00
  1.2000   0.0100   1.3000       37.1960    0.7774     13.00     27.00     50.00    359.00      0.00      13.3300    0.3181      4.00      9.00     18.00    150.00      0.00      10.8415    0.1450      7.00     11.00     15.00     34.00      0.00
  1.2000   0.0100   1.2000       35.7435    0.7513     13.00     26.00     48.00    291.00      0.00      13.2220    0.3287      4.00      9.00     17.00    164.00      0.00      10.5085    0.1449      6.00     11.00     14.00     36.00      0.00
  1.2000   0.0100   1.1000       37.2980    0.7911     14.00     27.00     49.00    331.00      0.00      13.9980    0.3570      4.00      9.00     18.00    192.00      0.00      10.8050    0.1437      7.00     11.00     14.00     35.00      0.00
  1.2000   0.0100   1.0000       37.4530    0.8613     12.00     26.00     49.00    490.00      0.00      14.2755    0.4036      4.00      9.00     17.00    234.00      0.00      10.8135    0.1421      7.00     11.00     14.00     35.00      0.00
  1.2000   0.0100   0.9000       38.8980    0.8785     13.00     28.00     51.00    401.00      0.00      15.7880    0.4972      4.00     10.00     20.00    397.00      0.00      10.6570    0.1489      6.00     11.00     14.00     39.00      0.00
  1.2000   0.0100   0.8000       40.0555    1.0172     14.00     28.00     51.00    712.00      0.00      16.5690    0.6908      4.00      9.00     20.00    707.00      0.00      10.8950    0.1497      7.00     11.00     15.00     40.00      0.00
  1.2000   0.0100   0.7000       41.1495    0.9441     14.00     29.00     54.00    495.00      0.00      17.0245    0.5786      4.00      9.00     21.00    375.00      0.00      10.7385    0.1487      7.00     11.00     15.00     45.00      0.00
  1.2000   0.0100   0.6000       42.2030    1.1120     13.00     28.00     53.00    672.00      0.00      18.0335    0.6769      4.00     10.00     22.00    528.00      0.00      10.6245    0.1549      6.00     11.00     15.00     47.00      0.00
  1.2000   0.0100   0.5000       42.4755    1.0687     14.00     29.00     56.00    738.00      0.00      19.2645    0.7119      4.00     10.00     23.00    481.00      0.00      10.6105    0.1502      6.00     11.00     15.00     44.00      0.00
  1.2000   0.0100   0.4000       45.3340    1.1885     14.00     30.00     57.00    692.00      0.00      22.0785    0.8638      5.00     11.00     25.00    528.00      0.00      10.1775    0.1526      5.00     11.00     14.00     36.00      0.00
  1.2000   0.0100   0.3000       48.6165    1.4694     14.00     29.00     58.00    811.00      0.00      24.5235    1.0579      5.00     11.00     26.00    683.00      0.00      10.0770    0.1578      4.00     10.00     15.00     42.00      0.00
  1.2000   0.0100   0.2000       51.7315    1.5533     15.00     32.00     61.00    915.00      0.00      28.2515    1.2429      4.00     13.00     30.00    915.00      0.00       9.5565    0.1594      3.00     10.00     14.00     44.00      0.00
  1.2000   0.0100   0.1000       60.3650    1.7650     16.00     36.00     70.00    839.00      0.00      36.5465    1.5184      5.00     15.00     38.00    828.00      0.00       9.2425    0.1738      1.00      9.00     14.00     50.00      0.00
  0.8000   0.0500   2.0000       22.1235    0.4057     10.00     18.00     29.00    264.00      0.00       2.9480    0.0502      1.00      2.00      4.00     17.00      0.00      22.7010    0.2872     14.00     21.00     30.00     97.00      0.00
  0.8000   0.0500   1.9000       21.4510    0.3957      9.00     16.00     29.00    200.00      0.00       2.8840    0.0505      1.00      2.00      4.00     15.00      0.00      21.8905    0.2766     13.00     20.00     29.00     94.00      0.00
  0.8000   0.0500   1.8000       21.8620    0.4049     10.00     17.00     29.00    204.00      0.00       2.9665    0.0531      1.00      2.00      4.00     22.00      0.00      22.2545    0.2900     14.00     20.00     29.00     95.00      0.00
  0.8000   0.0500   1.7000       22.2475    0.4060     10.00     18.00     29.00    159.00      0.00       2.9515    0.0528      1.00      2.00      4.00     19.00      0.00      22.6195    0.3059     14.00     21.00     30.00     91.00      0.00
  0.8000   0.0500   1.6000       22.0445    0.4039     10.00     17.00     29.00    149.00      0.00       2.9965    0.0514      1.00      2.00      4.00     22.00      0.00      21.9260    0.2765     14.00     20.00     28.00     76.00      0.00
  0.8000   0.0500   1.5000       22.2950    0.4047     10.00     18.00     29.00    144.00      0.00       3.0090    0.0571      1.00      2.00      4.00     32.00      0.00      22.5170    0.2844     14.00     21.00     30.00     83.00      0.00
  0.8000   0.0500   1.4000       22.4115    0.3960     10.00     18.00     30.00    138.00      0.00       2.9250    0.0537      1.00      2.00      4.00     20.00      0.00      22.5240    0.2824     14.00     21.00     30.00     99.00      0.00
  0.8000   0.0500   1.3000       21.7265    0.4170     10.00     17.00     28.00    183.00      0.00       3.0260    0.0620      1.00      2.00      4.00     54.00      0.00      22.1620    0.2974     13.00     20.00     29.00    128.00      0.00
  0.8000   0.0500   1.2000       22.4220    0.4055     10.00     18.00     29.00    192.00      0.00       3.0575    0.0612      1.00      2.00      4.00     45.00      0.00      22.4090    0.2852     14.00     20.00     30.00     80.00      0.00
  0.8000   0.0500   1.1000       22.9130    0.4512     10.00     17.00     30.00    229.00      0.00       3.0815    0.0673      1.00      2.00      4.00     50.00      0.00      22.2100    0.2852     14.00     20.00     29.00     96.00      0.00
  0.8000   0.0500   1.0000       22.7120    0.4386      9.00     18.00     30.00    185.00      0.00       3.2850    0.0958      1.00      2.00      4.00    102.00      0.00      21.7675    0.2864     13.00     20.00     28.00     86.00      0.00
  0.8000   0.0500   0.9000       23.4540    0.5557     10.00     18.00     28.00    381.00      0.00       3.7050    0.1300      1.00      2.00      4.00     94.00      0.00      21.9605    0.2952     13.00     20.00     29.00    106.00      0.00
  0.8000   0.0500   0.8000       25.0520    0.5776     10.00     18.00     32.00    402.00      0.00       4.1315    0.1656      1.00      2.00      4.00    122.00      0.00      22.1110    0.2934     13.00     20.00     30.00     87.00      0.00
  0.8000   0.0500   0.7000       26.8805    0.7535     10.00     18.00     31.00    476.00      0.00       4.6655    0.2329      1.00      2.00      4.00    198.00      0.00      22.4975    0.3035     13.00     20.00     30.00     90.00      0.00
  0.8000   0.0500   0.6000       28.4340    0.8033     10.00     19.00     33.00    411.00      0.00       5.5480    0.2919      1.00      3.00      5.00    168.00      0.00      21.6185    0.2955     13.00     20.00     29.00     77.00      0.00
  0.8000   0.0500   0.5000       32.3200    1.1832     10.00     19.00     35.00    909.00      0.00       7.3205    0.4324      1.00      3.00      5.00    338.00      0.00      21.0550    0.3016     12.00     19.00     28.00     80.00      0.00
  0.8000   0.0500   0.4000       35.2725    1.2074     11.00     20.00     37.00    629.00      0.00       9.2225    0.6039      1.00      3.00      6.00    557.00      0.00      20.7765    0.3027     12.00     19.00     29.00     94.00      0.00
  0.8000   0.0500   0.3000       39.2170    1.3626     11.00     21.00     41.00    803.00      0.00      12.5015    0.8209      1.00      3.00      7.00    518.00      0.00      19.6580    0.3121     10.00     18.00     27.00     94.00      0.00
  0.8000   0.0500   0.2000       50.7010    1.9317     12.00     24.00     48.00    870.00      0.00      20.4235    1.3559      2.00      4.00      9.00    845.00      0.00      19.0780    0.3235      8.00     18.00     27.00     94.00      0.00
  0.8000   0.0500   0.1000       69.8505    2.4438     16.00     32.00     76.00   1265.00      0.00      33.1075    1.7144      2.00      6.00     22.00    964.00      0.00      17.3220    0.3339      3.00     16.00     26.00     82.00      0.00
  0.8000   0.0400   2.0000       25.6635    0.4809     11.00     20.00     34.00    181.00      0.00       3.3440    0.0597      1.00      3.00      4.00     22.00      0.00      22.0715    0.2852     14.00     21.00     29.00     85.00      0.00
  0.8000   0.0400   1.9000       25.3565    0.4762     11.00     19.00     34.00    210.00      0.00       3.4535    0.0648      1.00      3.00      5.00     30.00      0.00      21.6095    0.2819     13.00     20.00     29.00     82.00      0.00
  0.8000   0.0400   1.8000       25.4755    0.4811     11.00     19.00     34.00    196.00      0.00       3.4070    0.0614      1.00      3.00      5.00     24.00      0.00      21.8065    0.2913     13.00     20.00     29.00    119.00      0.00
  0.8000   0.0400   1.7000       24.9835    0.4714     10.00     20.00     33.00    234.00      0.00       3.3210    0.0620      1.00      3.00      4.00     28.00      0.00      21.6530    0.2913     13.00     20.00     29.00     91.00      0.00
  0.8000   0.0400   1.6000       24.5875    0.4521     10.00     19.00     34.00    182.00      0.00       3.4770    0.0716      1.00      3.00      5.00     73.00      0.00      21.5230    0.2814     13.00     20.00     29.00     88.00      0.00
  0.8000   0.0400   1.5000       25.3690    0.4711     11.00     20.00     34.00    157.00      0.00       3.4455    0.0674      1.00      3.00      5.00     50.00      0.00      21.7025    0.2950     13.00     20.00     29.00    114.00      0.00
  0.8000   0.0400   1.4000       24.7560    0.4519     10.00     19.00     33.00    149.00      0.00       3.4515    0.0630      1.00      3.00      5.00     22.00      0.00      21.6255    0.2865     13.00     20.00     28.00     80.00      0.00
  0.8000   0.0400   1.3000       26.3465    0.5469     11.00     20.00     33.00    262.00      0.00       3.5750    0.0759      1.00      3.00      5.00     49.00      0.00      21.6900    0.2873     13.00     20.00     29.00     94.00      0.00
  0.8000   0.0400   1.2000       25.6750    0.5021     11.00     20.00     34.00    179.00      0.00       3.3875    0.0674      1.00      2.00      5.00     39.00      0.00      21.5340    0.2876     13.00     20.00     29.00     93.00      0.00
  0.8000   0.0400   1.1000       26.1610    0.5178     11.00     20.00     34.00    234.00      0.00       3.6380    0.0908      1.00      3.00      5.00     82.00      0.00      21.1760    0.2868     13.00     19.00     29.00     86.00      0.00
  0.8000   0.0400   1.0000       26.9850    0.5755     11.00     20.00     34.00    327.00      0.00       3.9935    0.1181      1.00      3.00      5.00     87.00      0.00      21.2860    0.2928     13.00     20.00     29.00    106.00      0.00
  0.8000   0.0400   0.9000       26.9335    0.5680     11.00     20.00     35.00    216.00      0.00       3.9015    0.1199      1.00      3.00      5.00    159.00      0.00      22.0530    0.2941     13.00     20.00     29.00     88.00      0.00
  0.8000   0.0400   0.8000       29.4995    0.7167     12.00     21.00     36.00    448.00      0.00       4.8960    0.2056      1.00      3.00      5.00    147.00      0.00      21.4890    0.2958     12.00     20.00     29.00     84.00      0.00
  0.8000   0.0400   0.7000       29.7220    0.7770     12.00     20.00     36.00    428.00      0.00       5.3755    0.2367      1.00      3.00      5.00    153.00      0.00      20.8195    0.2906     12.00     19.00     28.00     89.00      0.00
  0.8000   0.0400   0.6000       31.2645    0.9196     11.00     20.00     37.00    596.00      0.00       6.0990    0.3504      1.00      3.00      5.00    302.00      0.00      21.0800    0.2905     12.00     19.00     29.00     91.00      0.00
  0.8000   0.0400   0.5000       35.1570    1.1093     12.00     22.00     39.00    570.00      0.00       8.0100    0.5321      1.00      3.00      6.00    567.00      0.00      20.7405    0.3045     11.00     19.00     29.00     92.00      0.00
  0.8000   0.0400   0.4000       36.9565    1.1977     12.00     22.00     41.00    702.00      0.00       9.3265    0.5479      1.00      3.00      7.00    367.00      0.00      20.4260    0.3079     11.00     19.00     28.00     88.00      0.00
  0.8000   0.0400   0.3000       40.3580    1.3011     12.00     24.00     44.00    596.00      0.00      10.9565    0.5948      2.00      4.00      7.00    305.00      0.00      20.1630    0.3034     11.00     19.00     28.00     81.00      0.00
  0.8000   0.0400   0.2000       48.8970    1.7384     13.00     26.00     49.00    838.00      0.00      18.7825    1.2227      2.00      4.00     10.00    835.00      0.00      19.3165    0.3228      8.00     18.00     28.00     95.00      0.00
  0.8000   0.0400   0.1000       66.0790    2.2869     16.00     33.00     66.00   1316.00      0.00      28.9250    1.6295      2.00      5.00     18.00   1149.00      0.00      16.9590    0.3226      4.00     15.00     25.00     85.00      0.00
  0.8000   0.0300   2.0000       30.4105    0.5843     12.00     23.00     41.00    271.00      0.00       4.2630    0.0801      2.00      3.00      6.00     31.00      0.00      20.6655    0.2772     12.00     19.00     28.00     95.00      0.00
  0.8000   0.0300   1.9000       29.0720    0.5702     12.00     23.00     38.00    254.00      0.00       4.1375    0.0832      2.00      3.00      6.00     73.00      0.00      20.1070    0.2856     12.00     18.00     27.00     94.00      0.00
  0.8000   0.0300   1.8000       30.3530    0.6226     12.00     22.00     39.00    274.00      0.00       4.2625    0.0817      2.00      3.00      6.00     41.00      0.00      20.8110    0.2860     12.00     19.00     28.00     81.00      0.00
  0.8000   0.0300   1.7000       30.3900    0.6184     12.00     22.00     40.00    252.00      0.00       4.0710    0.0759      2.00      3.00      6.00     31.00      0.00      20.6425    0.2888     12.00     19.00     28.00     97.00      0.00
  0.8000   0.0300   1.6000       30.7035    0.6099     12.00     23.00     40.00    244.00      0.00       4.1170    0.0770      1.00      3.00      6.00     31.00      0.00      20.9375    0.2893     12.00     19.00     28.00    101.00      0.00
  0.8000   0.0300   1.5000       30.1135    0.5870     12.00     22.00     41.00    214.00      0.00       4.3815    0.0875      2.00      3.00      6.00     50.00      0.00      20.4965    0.2838     12.00     19.00     27.00     93.00      0.00
  0.8000   0.0300   1.4000       30.6820    0.6390     13.00     23.00     39.00    478.00      0.00       4.4055    0.0919      2.00      3.00      6.00     58.00      0.00      20.8280    0.2964     12.00     19.00     27.00     99.00      0.00
  0.8000   0.0300   1.3000       30.1860    0.6110     12.00     23.00     40.00    447.00      0.00       4.6440    0.0989      2.00      4.00      6.00     72.00      0.00      20.9290    0.2886     12.00     20.00     28.00    105.00      0.00
  0.8000   0.0300   1.2000       30.8290    0.6081     12.00     24.00     40.00    304.00      0.00       4.4725    0.1008      2.00      3.00      6.00     84.00      0.00      21.1185    0.2855     12.00     20.00     28.00     94.00      0.00
  0.8000   0.0300   1.1000       30.4940    0.6118     12.00     23.00     40.00    278.00      0.00       4.8035    0.1125      2.00      3.00      6.00     72.00      0.00      20.5845    0.2862     12.00     19.00     28.00     81.00      0.00
  0.8000   0.0300   1.0000       32.3310    0.6844     13.00     24.00     42.00    338.00      0.00       5.1550    0.1775      2.00      3.00      6.00    136.00      0.00      20.6175    0.2892     12.00     19.00     28.00     93.00      0.00
  0.8000   0.0300   0.9000       32.7995    0.7477     12.00     23.00     42.00    445.00      0.00       5.3165    0.2565      2.00      3.00      6.00    374.00      0.00      20.5945    0.2894     12.00     19.00     28.00     89.00      0.00
  0.8000   0.0300   0.8000       33.4515    0.7543     12.00     24.00     44.00    431.00      0.00       5.7175    0.2238      2.00      3.00      6.00    152.00      0.00      20.8510    0.2921     12.00     19.00     28.00     88.00      0.00
  0.8000   0.0300   0.7000       35.2895    0.8729     13.00     24.00     44.00    500.00      0.00       6.3075    0.2560      2.00      4.00      7.00    226.00      0.00      20.2725    0.3033     11.00     19.00     28.00     80.00      0.00
  0.8000   0.0300   0.6000       35.9545    1.0208     13.00     25.00     43.00    704.00      0.00       7.6030    0.4313      2.00      4.00      7.00    352.00      0.00      19.6620    0.2997     10.00     18.00     27.00     82.00      0.00
  0.8000   0.0300   0.5000       35.8310    0.8777     13.00     25.00     45.00    465.00      0.00       8.1960    0.4343      2.00      4.00      7.00    278.00      0.00      20.1545    0.2960     11.00     19.00     27.00    100.00      0.00
  0.8000   0.0300   0.4000       42.2790    1.3004     13.00     26.00     48.00    755.00      0.00      10.7885    0.6847      2.00      4.00      8.00    518.00      0.00      19.0005    0.2919     10.00     18.00     27.00     81.00      0.00
  0.8000   0.0300   0.3000       47.9665    1.4624     14.00     29.00     54.00    623.00      0.00      14.5120    0.8961      2.00      4.00     10.00    623.00      0.00      19.2695    0.3166     10.00     17.00     27.00     95.00      0.00
  0.8000   0.0300   0.2000       53.5610    1.9231     15.00     30.00     56.00    866.00      0.00      18.8035    1.2252      2.00      5.00     11.00    605.00      0.00      18.0125    0.3076      7.00     16.00     26.00     86.00      0.00
  0.8000   0.0300   0.1000       69.5895    2.2604     16.00     35.00     77.00    981.00      0.00      29.0630    1.5995      2.00      6.00     20.00    911.00      0.00      16.8925    0.3360      3.00     15.00     25.00     85.00      0.00
  0.8000   0.0200   2.0000       40.5455    0.8319     15.00     30.00     54.00    320.00      0.00       6.0500    0.1247      2.00      5.00      8.00     70.00      0.00      19.3055    0.2804     11.00     18.00     27.00     76.00      0.00
  0.8000   0.0200   1.9000       40.0445    0.8373     15.00     30.00     53.00    346.00      0.00       5.7785    0.1134      2.00      4.00      8.00     50.00      0.00      19.6870    0.2823     11.00     18.00     27.00     77.00      0.00
  0.8000   0.0200   1.8000       39.4715    0.7682     15.00     29.00     53.00    258.00      0.00       6.1440    0.1287      2.00      5.00      8.00     59.00      0.00      19.2430    0.2891     11.00     18.00     27.00    112.00      0.00
  0.8000   0.0200   1.7000       40.4275    0.8313     16.00     29.00     55.00    501.00      0.00       5.9645    0.1372      2.00      4.00      8.00    127.00      0.00      19.3925    0.2885     11.00     18.00     27.00     92.00      0.00
  0.8000   0.0200   1.6000       38.9705    0.7797     15.00     29.00     53.00    265.00      0.00       6.1695    0.1328      2.00      5.00      8.00     65.00      0.00      19.2910    0.2867     11.00     18.00     27.00    105.00      0.00
  0.8000   0.0200   1.5000       39.9650    0.8302     15.00     29.00     53.00    322.00      0.00       5.9260    0.1372      2.00      4.00      8.00    106.00      0.00      19.5365    0.2783     11.00     18.00     27.00     80.00      0.00
  0.8000   0.0200   1.4000       41.1050    0.8372     16.00     30.00     55.00    407.00      0.00       6.1995    0.1292      2.00      5.00      8.00     72.00      0.00      20.1670    0.2962     12.00     18.00     27.00    101.00      0.00
  0.8000   0.0200   1.3000       39.7275    0.7957     15.00     29.00     52.00    287.00      0.00       6.4120    0.1686      2.00      5.00      8.00    191.00      0.00      19.0805    0.2819     11.00     17.00     26.00     75.00      0.00
  0.8000   0.0200   1.2000       39.4185    0.8081     14.00     30.00     51.00    332.00      0.00       6.1950    0.1601      2.00      5.00      8.00    145.00      0.00      19.0065    0.2941     10.00     17.00     26.00     87.00      0.00
  0.8000   0.0200   1.1000       40.3050    0.8287     15.00     30.00     55.00    304.00      0.00       6.5105    0.1528      2.00      5.00      9.00    108.00      0.00      19.1695    0.2930     10.00     18.00     26.00     86.00      0.00
  0.8000   0.0200   1.0000       40.7230    0.9228     15.00     30.00     54.00    612.00      0.00       6.9005    0.2016      2.00      5.00      9.00    202.00      0.00      19.5415    0.2946     11.00     18.00     27.00     83.00      0.00
  0.8000   0.0200   0.9000       41.2655    0.8828     16.00     30.00     54.00    625.00      0.00       6.9265    0.2246      2.00      5.00      9.00    256.00      0.00      18.6675    0.2841     10.00     17.00     26.00     94.00      0.00
  0.8000   0.0200   0.8000       44.7305    1.0696     15.00     31.00     59.00    633.00      0.00       8.5525    0.3663      2.00      5.00     10.00    308.00      0.00      18.9560    0.2960     10.00     17.00     26.00    107.00      0.00
  0.8000   0.0200   0.7000       44.2890    1.0487     15.00     32.00     57.00    623.00      0.00       9.0545    0.3607      2.00      5.00     10.00    244.00      0.00      19.4395    0.2896     11.00     18.00     27.00     86.00      0.00
  0.8000   0.0200   0.6000       44.0250    1.0349     15.00     31.00     56.00    521.00      0.00       9.5185    0.4451      2.00      5.00     10.00    405.00      0.00      18.8045    0.3001      9.00     17.00     27.00     74.00      0.00
  0.8000   0.0200   0.5000       46.6320    1.1605     16.00     31.00     59.00    888.00      0.00      10.7175    0.4996      2.00      5.00     11.00    321.00      0.00      18.8480    0.3077      9.00     17.00     27.00     78.00      0.00
  0.8000   0.0200   0.4000       51.7520    1.4559     15.00     33.00     64.00    786.00      0.00      14.5375    0.8326      2.00      6.00     12.00    594.00      0.00      17.8130    0.3035      7.00     16.00     26.00     91.00      0.00
  0.8000   0.0200   0.3000       56.4965    1.6724     17.00     35.00     67.00    921.00      0.00      16.2250    0.9720      3.00      6.00     14.00    656.00      0.00      18.2530    0.3060      8.00     17.00     27.00     94.00      0.00
  0.8000   0.0200   0.2000       61.6685    1.8433     19.00     37.00     73.00   1040.00      0.00      21.2655    1.2424      3.00      6.00     16.00    666.00      0.00      17.7605    0.3198      6.00     16.00     26.00    110.00      0.00
  0.8000   0.0200   0.1000       74.9230    2.3155     20.00     41.00     85.00   1231.00      0.00      30.5480    1.6134      3.00      8.00     23.00   1231.00      0.00      16.4865    0.3394      3.00     14.00     25.00     93.00      0.00
  0.8000   0.0100   2.0000       63.1465    1.3543     22.00     44.00     84.00    519.00      0.00      12.5175    0.2933      4.00      9.00     16.00    138.00      0.00      16.4315    0.2878      5.00     15.00     24.00     96.00      0.00
  0.8000   0.0100   1.9000       61.6870    1.2679     20.00     44.00     84.00    367.00      0.00      11.9865    0.2803      4.00      8.00     15.00    113.00      0.00      16.4985    0.2780      6.00     15.00     24.00     78.00      0.00
  0.8000   0.0100   1.8000       61.7575    1.3062     21.00     43.00     83.00    588.00      0.00      12.2795    0.2970      4.00      8.00     16.00    220.00      0.00      16.6000    0.2803      6.00     15.00     25.00     71.00      0.00
  0.8000   0.0100   1.7000       61.7630    1.2714     21.00     44.00     84.00    465.00      0.00      12.7225    0.3301      4.00      8.00     16.00    158.00      0.00      16.3375    0.2773      6.00     15.00     24.00     91.00      0.00
  0.8000   0.0100   1.6000       64.2420    1.3603     22.00     48.00     88.00    818.00      0.00      12.8180    0.3058      4.00      9.00     17.00    152.00      0.00      16.6470    0.2832      6.00     15.00     25.00     82.00      0.00
  0.8000   0.0100   1.5000       63.7705    1.3437     21.00     45.00     87.00    436.00      0.00      12.8105    0.3145      4.00      8.00     17.00    121.00      0.00      16.6950    0.2822      7.00     15.00     24.00     66.00      0.00
  0.8000   0.0100   1.4000       62.2885    1.2589     23.00     47.00     84.00    539.00      0.00      12.3210    0.2753      4.00      9.00     16.00    111.00      0.00      17.0160    0.2838      7.00     16.00     25.00     86.00      0.00
  0.8000   0.0100   1.3000       61.9115    1.3206     20.00     44.00     82.00    515.00      0.00      12.5760    0.3216      4.00      8.00     16.00    249.00      0.00      15.9780    0.2737      6.00     14.00     24.00     75.00      0.00
  0.8000   0.0100   1.2000       63.5010    1.3834     21.00     45.00     85.00    578.00      0.00      13.3905    0.3343      4.00      9.00     17.00    175.00      0.00      16.1405    0.2826      5.00     14.00     24.00     71.00      0.00
  0.8000   0.0100   1.1000       64.0795    1.3557     22.00     46.00     86.00    555.00      0.00      14.2350    0.3686      4.00      9.00     18.00    221.00      0.00      16.3635    0.2833      5.00     15.00     24.00     70.00      0.00
  0.8000   0.0100   1.0000       64.3575    1.3607     22.00     46.00     88.00    422.00      0.00      14.8485    0.4021      4.00      9.00     18.00    229.00      0.00      16.5955    0.2834      6.00     15.00     24.00     79.00      0.00
  0.8000   0.0100   0.9000       66.0150    1.5020     23.00     46.00     88.00    893.00      0.00      14.9280    0.4022      4.00      9.00     19.00    185.00      0.00      16.2360    0.2941      5.00     14.00     24.00     96.00      0.00
  0.8000   0.0100   0.8000       64.6550    1.3748     23.00     47.00     86.00    543.00      0.00      15.3340    0.4083      4.00     10.00     19.00    189.00      0.00      16.3785    0.2940      5.00     15.00     24.00    101.00      0.00
  0.8000   0.0100   0.7000       65.0960    1.4589     21.00     47.00     87.00    807.00      0.00      16.8360    0.5571      4.00     10.00     21.00    472.00      0.00      16.0490    0.2945      5.00     14.00     24.00     81.00      0.00
  0.8000   0.0100   0.6000       69.8040    1.5332     23.00     49.00     95.00    724.00      0.00      18.3560    0.7240      4.00     10.00     22.00    636.00      0.00      15.9825    0.2975      4.00     14.00     24.00     83.00      0.00
  0.8000   0.0100   0.5000       68.7650    1.6192     22.00     46.00     92.00    841.00      0.00      18.5420    0.7013      4.00     10.00     22.00    520.00      0.00      15.5030    0.3018      4.00     13.00     23.00    105.00      0.00
  0.8000   0.0100   0.4000       72.5120    1.8158     23.00     48.00     93.00   1315.00      0.00      22.1265    0.8746      5.00     11.00     25.00    739.00      0.00      15.8990    0.3109      4.00     14.00     24.00     80.00      0.00
  0.8000   0.0100   0.3000       73.7825    1.8228     23.00     49.00     95.00   1127.00      0.00      25.0915    1.0337      5.00     12.00     26.00    582.00      0.00      15.0550    0.3015      3.00     13.00     23.00     87.00      0.00
  0.8000   0.0100   0.2000       79.4335    1.9724     25.00     55.00    101.00    939.00      0.00      26.6565    1.2051      5.00     12.00     28.00    939.00      0.00      15.6420    0.3160      3.00     13.00     24.00     78.00      0.00
  0.8000   0.0100   0.1000       87.3820    2.1887     26.00     58.00    113.00    922.00      0.00      32.4170    1.4471      5.00     13.00     33.00    922.00      0.00      14.6425    0.3276      1.00     11.00     23.00     91.00      0.00
  0.4000   0.0500   2.0000       73.9150    1.4860     27.00     54.00    103.00    626.00      0.00       2.9095    0.0530      1.00      2.00      4.00     19.00      0.00      58.2515    1.0928     21.00     48.00     83.00    406.00      0.00
  0.4000   0.0500   1.9000       71.8885    1.5078     26.00     52.00     95.00    492.00      0.00       2.9320    0.0566      1.00      2.00      4.00     55.00      0.00      58.2810    1.1665     20.00     46.00     80.00    372.00      0.00
  0.4000   0.0500   1.8000       73.2035    1.4986     25.00     53.00    101.00    473.00      0.00       2.9530    0.0557      1.00      2.00      4.00     35.00      0.00      58.3890    1.1281     21.00     46.00     81.00    372.00      0.00
  0.4000   0.0500   1.7000       77.9645    1.5930     29.00     58.00    104.00    656.00      0.00       3.0200    0.0578      1.00      2.00      4.00     39.00      0.00      60.0295    1.1209     24.00     49.00     82.00    370.00      0.00
  0.4000   0.0500   1.6000       76.1755    1.6332     26.00     54.00    103.00    568.00      0.00       2.9405    0.0533      1.00      2.00      4.00     17.00      0.00      58.0590    1.1981     20.00     44.00     81.00    423.00      0.00
  0.4000   0.0500   1.5000       75.0440    1.5748     26.00     55.00    100.00    548.00      0.00       2.9135    0.0530      1.00      2.00      4.00     23.00      0.00      59.5065    1.1042     23.00     48.00     84.00    340.00      0.00
  0.4000   0.0500   1.4000       78.4205    1.5913     28.00     57.00    108.00    559.00      0.00       3.0165    0.0589      1.00      2.00      4.00     49.00      0.00      60.6985    1.1690     23.00     48.00     84.00    520.00      0.00
  0.4000   0.0500   1.3000       72.6845    1.4681     27.00     55.00     97.00    454.00      0.00       2.9705    0.0555      1.00      2.00      4.00     32.00      0.00      57.3510    1.1215     20.00     46.00     79.00    301.00      0.00
  0.4000   0.0500   1.2000       76.0275    1.5604     27.00     57.00    103.00    598.00      0.00       3.1225    0.0618      1.00      2.00      4.00     33.00      0.00      58.2835    1.1061     21.00     46.00     81.00    330.00      0.00
  0.4000   0.0500   1.1000       75.3080    1.5973     27.00     54.00    102.00    732.00      0.00       3.2825    0.0759      1.00      2.00      4.00     48.00      0.00      57.3225    1.1418     20.00     44.00     80.00    355.00      0.00
  0.4000   0.0500   1.0000       76.6580    1.6769     26.00     54.00    103.00    756.00      0.00       3.3605    0.0813      1.00      2.00      4.00     40.00      0.00      56.8015    1.1181     20.00     45.00     80.00    440.00      0.00
  0.4000   0.0500   0.9000       79.3260    1.7463     26.00     55.00    108.00    595.00      0.00       3.4670    0.1071      1.00      2.00      4.00     91.00      0.00      56.9930    1.1295     20.00     43.00     79.00    369.00      0.00
  0.4000   0.0500   0.8000       78.6920    1.6682     26.00     55.00    109.00    540.00      0.00       4.1645    0.2100      1.00      2.00      4.00    224.00      0.00      56.0900    1.1469     19.00     42.00     79.00    421.00      0.00
  0.4000   0.0500   0.7000       78.8170    1.7995     26.00     54.00    106.00    718.00      0.00       4.4260    0.2115      1.00      2.00      4.00    213.00      0.00      55.5485    1.1189     18.00     43.00     80.00    372.00      0.00
  0.4000   0.0500   0.6000       84.0360    1.9186     27.00     58.00    113.00    877.00      0.00       6.4410    0.5217      1.00      3.00      5.00    726.00      0.00      54.2695    1.1356     16.00     42.00     76.00    366.00      0.00
  0.4000   0.0500   0.5000       87.2215    2.0251     27.00     60.00    115.00    861.00      0.00       6.4205    0.4146      1.00      3.00      5.00    381.00      0.00      55.1725    1.1732     16.00     42.00     81.00    463.00      0.00
  0.4000   0.0500   0.4000       90.0920    2.1642     28.00     61.00    117.00   1131.00      0.00       7.6530    0.4821      1.00      3.00      5.00    417.00      0.00      52.4995    1.1282     14.00     41.00     74.00    432.00      0.00
  0.4000   0.0500   0.3000      100.7595    2.5147     31.00     66.00    126.00   1332.00      0.00      13.0485    0.8271      1.00      3.00      7.00    481.00      0.00      51.6315    1.2185     11.00     36.00     73.00    433.00      0.00
  0.4000   0.0500   0.2000      109.0605    2.8685     31.00     70.00    138.00   1337.00      0.00      17.8160    1.2432      2.00      3.00      8.00    851.00      0.00      47.0895    1.1978      7.00     31.00     69.00    486.00      0.00
  0.4000   0.0500   0.1000      125.6625    3.0876     36.00     78.00    167.00   1021.00      0.00      29.4930    1.6411      2.00      5.00     18.00   1021.00      0.00      39.7110    1.0881      3.00     22.00     59.00    445.00      0.00
  0.4000   0.0400   2.0000       87.6840    1.8410     31.00     64.00    119.00    692.00      0.00       3.4460    0.0636      1.00      3.00      5.00     24.00      0.00      55.2320    1.0779     20.00     42.00     78.00    314.00      0.00
  0.4000   0.0400   1.9000       86.5905    1.8267     29.00     62.00    117.00    619.00      0.00       3.4000    0.0585      1.00      3.00      5.00     25.00      0.00      55.0505    1.1157     18.00     44.00     76.00    384.00      0.00
  0.4000   0.0400   1.8000       82.5575    1.8128     26.00     58.00    114.00    680.00      0.00       3.3310    0.0605      1.00      3.00      4.00     26.00      0.00      53.8985    1.1264     18.00     41.00     75.00    556.00      0.00
  0.4000   0.0400   1.7000       83.7260    1.8460     29.00     60.00    110.00    671.00      0.00       3.3750    0.0588      1.00      3.00      5.00     25.00      0.00      52.8000    1.0831     18.00     40.00     74.00    453.00      0.00
  0.4000   0.0400   1.6000       82.8745    1.6887     29.00     62.00    114.00    626.00      0.00       3.4210    0.0598      1.00      3.00      5.00     22.00      0.00      53.4110    1.0714     18.00     42.00     75.00    395.00      0.00
  0.4000   0.0400   1.5000       84.9585    1.8589     29.00     63.00    115.00   1102.00      0.00       3.3750    0.0588      1.00      3.00      5.00     24.00      0.00      54.5935    1.1033     18.00     42.00     76.00    398.00      0.00
  0.4000   0.0400   1.4000       85.1600    1.8734     28.00     59.00    116.00    636.00      0.00       3.4695    0.0707      1.00      2.00      5.00     45.00      0.00      53.7895    1.1001     17.00     42.00     76.00    339.00      0.00
  0.4000   0.0400   1.3000       85.5065    1.8498     28.00     60.00    116.00    728.00      0.00       3.4820    0.0707      1.00      3.00      5.00     49.00      0.00      54.3430    1.0953     18.00     42.00     78.00    416.00      0.00
  0.4000   0.0400   1.2000       85.6450    1.8741     29.00     60.00    117.00    918.00      0.00       3.7290    0.0836      1.00      3.00      5.00     54.00      0.00      54.4885    1.1278     19.00     41.00     75.00    401.00      0.00
  0.4000   0.0400   1.1000       85.7095    1.8181     29.00     62.00    115.00    580.00      0.00       3.4655    0.0765      1.00      2.00      5.00     64.00      0.00      53.8445    1.0703     18.00     41.00     77.00    336.00      0.00
  0.4000   0.0400   1.0000       87.4050    1.9002     29.00     61.00    118.00    657.00      0.00       3.7600    0.0922      1.00      3.00      5.00     63.00      0.00      53.2600    1.0773     17.00     42.00     76.00    405.00      0.00
  0.4000   0.0400   0.9000       86.4740    1.8368     30.00     62.00    118.00    966.00      0.00       4.3350    0.1328      1.00      3.00      5.00     82.00      0.00      52.5470    1.0794     16.00     40.00     75.00    344.00      0.00
  0.4000   0.0400   0.8000       91.3485    2.0297     30.00     65.00    118.00    932.00      0.00       4.7275    0.2459      1.00      3.00      5.00    302.00      0.00      53.6505    1.0912     18.00     42.00     75.00    353.00      0.00
  0.4000   0.0400   0.7000       90.2145    1.9928     30.00     65.00    122.00    712.00      0.00       5.3030    0.3331      1.00      3.00      5.00    496.00      0.00      51.3015    1.0541     15.00     40.00     73.00    416.00      0.00
  0.4000   0.0400   0.6000       93.8635    2.1547     31.00     64.00    122.00   1055.00      0.00       6.4905    0.3532      1.00      3.00      6.00    211.00      0.00      51.3715    1.0787     16.00     40.00     74.00    435.00      0.00
  0.4000   0.0400   0.5000       99.8100    2.2850     32.00     69.00    130.00    791.00      0.00       7.6615    0.4502      1.00      3.00      6.00    303.00      0.00      52.4700    1.1659     13.00     39.00     75.00    479.00      0.00
  0.4000   0.0400   0.4000       97.0440    2.2697     30.00     66.00    131.00   1087.00      0.00      11.1385    0.8541      2.00      3.00      7.00    581.00      0.00      47.3810    1.0400     11.00     36.00     68.00    330.00      0.00
  0.4000   0.0400   0.3000      103.5360    2.3566     33.00     70.00    138.00   1131.00      0.00      12.4130    0.8322      2.00      3.00      8.00    570.00      0.00      47.0860    1.0576     11.00     34.00     69.00    331.00      0.00
  0.4000   0.0400   0.2000      115.9615    2.8822     34.00     76.00    152.00   1363.00      0.00      19.4555    1.2991      2.00      4.00     10.00    794.00      0.00      43.2885    1.0746      7.00     28.00     63.00    389.00      0.00
  0.4000   0.0400   0.1000      125.4470    3.0127     36.00     82.00    168.00   1360.00      0.00      30.8315    1.6921      2.00      6.00     20.00   1360.00      0.00      34.6505    0.9711      3.00     20.00     51.00    427.00      0.00
  0.4000   0.0300   2.0000       98.8415    2.1914     33.00     71.00    130.00    846.00      0.00       4.3300    0.0800      2.00      3.00      6.00     42.00      0.00      48.4820    1.0023     16.00     36.00     68.00    437.00      0.00
  0.4000   0.0300   1.9000       92.9570    1.9333     31.00     67.00    126.00    653.00      0.00       4.2520    0.0779      2.00      3.00      6.00     28.00      0.00      47.3275    0.9656     14.00     37.00     67.00    329.00      0.00
  0.4000   0.0300   1.8000       93.9410    2.0163     32.00     66.00    127.00    692.00      0.00       4.2290    0.0798      2.00      3.00      6.00     36.00      0.00      45.9210    0.9545     14.00     35.00     64.00    298.00      0.00
  0.4000   0.0300   1.7000       92.7370    2.0267     30.00     66.00    124.00    794.00      0.00       4.2750    0.0834      2.00      3.00      6.00     53.00      0.00      45.8650    0.9563     14.00     35.00     65.00    307.00      0.00
  0.4000   0.0300   1.6000       94.6865    2.0317     32.00     67.00    128.00    838.00      0.00       4.1945    0.0884      2.00      3.00      6.00     66.00      0.00      47.2675    1.0012     14.00     34.00     68.00    343.00      0.00
  0.4000   0.0300   1.5000       94.8335    1.9912     31.00     68.00    133.00    628.00      0.00       4.3650    0.0795      2.00      3.00      6.00     29.00      0.00      48.6255    1.0159     14.00     36.00     69.00    348.00      0.00
  0.4000   0.0300   1.4000       95.4200    2.0406     32.00     69.00    133.00    809.00      0.00       4.2540    0.0902      2.00      3.00      6.00     53.00      0.00      47.1040    1.0106     14.00     36.00     67.00    535.00      0.00
  0.4000   0.0300   1.3000       95.9190    2.0239     30.00     68.00    133.00    623.00      0.00       4.5005    0.0900      2.00      3.00      6.00     46.00      0.00      48.5130    1.0488     14.00     36.00     69.00    426.00      0.00
  0.4000   0.0300   1.2000       92.9650    2.0184     31.00     66.00    123.00    829.00      0.00       4.7075    0.1159      2.00      3.00      6.00     89.00      0.00      47.0420    0.9992     13.00     36.00     67.00    383.00      0.00
  0.4000   0.0300   1.1000       99.5335    2.1016     33.00     70.00    137.00    923.00      0.00       4.6390    0.1040      2.00      3.00      6.00     63.00      0.00      48.3810    1.0047     14.00     37.00     70.00    306.00      0.00
  0.4000   0.0300   1.0000       99.8520    2.1755     33.00     73.00    131.00    935.00      0.00       4.9495    0.1363      2.00      3.00      6.00     96.00      0.00      48.0640    1.0255     14.00     36.00     67.00    310.00      0.00
  0.4000   0.0300   0.9000       98.1385    2.0471     33.00     69.00    136.00    631.00      0.00       5.3605    0.1584      2.00      4.00      7.00     98.00      0.00      46.3465    0.9766     13.00     35.00     67.00    308.00      0.00
  0.4000   0.0300   0.8000      103.0710    2.2456     35.00     72.00    142.00    882.00      0.00       5.5340    0.1997      2.00      3.00      7.00    107.00      0.00      48.5205    1.0252     13.00     35.00     70.00    322.00      0.00
  0.4000   0.0300   0.7000       97.0220    2.1930     32.00     66.00    129.00    869.00      0.00       6.2335    0.2778      2.00      3.00      7.00    194.00      0.00      44.2235    0.9340     13.00     33.00     65.00    379.00      0.00
  0.4000   0.0300   0.6000      105.1325    2.3565     34.00     70.00    143.00    896.00      0.00       7.7010    0.4002      2.00      4.00      7.00    285.00      0.00      47.2005    1.0346     12.00     35.00     67.00    304.00      0.00
  0.4000   0.0300   0.5000      107.4115    2.4680     35.00     76.00    144.00   1027.00      0.00       8.3590    0.4194      2.00      4.00      8.00    271.00      0.00      45.3425    1.0185     11.00     32.00     67.00    336.00      0.00
  0.4000   0.0300   0.4000      107.4030    2.6293     33.00     73.00    142.00   1470.00      0.00      11.3445    0.7266      2.00      4.00      8.00    586.00      0.00      42.8040    1.0161      8.00     31.00     61.00    402.00      0.00
  0.4000   0.0300   0.3000      111.0670    2.4336     34.00     78.00    154.00    826.00      0.00      13.5755    0.7866      2.00      4.00     10.00    412.00      0.00      43.3315    1.0954      8.00     28.00     63.00    559.00      0.00
  0.4000   0.0300   0.2000      121.8580    2.7857     38.00     85.00    161.00   1147.00      0.00      18.8460    1.2013      2.00      5.00     11.00    746.00      0.00      41.1825    1.0385      7.00     26.00     60.00    432.00      0.00
  0.4000   0.0300   0.1000      130.3795    3.0130     40.00     91.00    175.00   1565.00      0.00      28.0885    1.5497      3.00      7.00     21.00   1356.00      0.00      34.0935    0.9300      2.00     18.00     51.00    336.00      0.00
  0.4000   0.0200   2.0000      112.1970    2.5415     35.00     79.00    150.00   1045.00      0.00       5.8620    0.1132      2.00      4.00      8.00     49.00      0.00      39.1415    0.8784      9.00     27.00     58.00    268.00      0.00
  0.4000   0.0200   1.9000      118.5660    2.4932     37.00     84.00    165.00    728.00      0.00       6.1070    0.1257      2.00      5.00      8.00     57.00      0.00      40.9795    0.8907     11.00     30.00     59.00    304.00      0.00
  0.4000   0.0200   1.8000      117.1640    2.5923     36.00     83.00    159.00   1041.00      0.00       6.1370    0.1364      2.00      5.00      8.00     78.00      0.00      41.2725    0.9243     10.00     29.00     59.00    334.00      0.00
  0.4000   0.0200   1.7000      118.8370    2.5768     38.00     82.00    163.00    882.00      0.00       5.8715    0.1180      2.00      4.00      8.00     65.00      0.00      40.6870    0.9359     10.00     28.00     57.00    338.00      0.00
  0.4000   0.0200   1.6000      111.0490    2.3896     35.00     79.00    151.00    858.00      0.00       6.0175    0.1247      2.00      5.00      8.00     89.00      0.00      39.1215    0.9138      9.00     27.00     55.00    272.00      0.00
  0.4000   0.0200   1.5000      121.3565    2.5624     39.00     91.00    166.00    905.00      0.00       6.1515    0.1515      2.00      5.00      8.00    155.00      0.00      42.0395    0.9560     11.00     29.00     59.00    322.00      0.00
  0.4000   0.0200   1.4000      110.4020    2.3795     34.00     79.00    151.00    798.00      0.00       6.0145    0.1242      2.00      4.00      8.00     55.00      0.00      39.6770    0.9029     10.00     27.00     56.00    295.00      0.00
  0.4000   0.0200   1.3000      114.9215    2.5021     35.00     82.00    160.00    900.00      0.00       6.1660    0.1275      2.00      5.00      8.00     54.00      0.00      38.7750    0.8730      9.00     29.00     55.00    263.00      0.00
  0.4000   0.0200   1.2000      116.6660    2.4967     36.00     81.00    159.00    793.00      0.00       6.2660    0.1381      2.00      5.00      8.00     84.00      0.00      39.4495    0.8956     10.00     28.00     56.00    280.00      0.00
  0.4000   0.0200   1.1000      119.3970    2.5333     39.00     87.00    163.00    926.00      0.00       6.6730    0.1704      2.00      5.00      9.00    119.00      0.00      40.6960    0.9280     10.00     29.00     58.00    370.00      0.00
  0.4000   0.0200   1.0000      115.4145    2.5098     35.00     82.00    156.00    761.00      0.00       6.9995    0.2081      2.00      5.00      9.00    155.00      0.00      38.1720    0.8705      9.00     26.00     56.00    405.00      0.00
  0.4000   0.0200   0.9000      120.7705    2.6191     37.00     85.00    169.00    796.00      0.00       7.3640    0.2456      2.00      5.00      9.00    179.00      0.00      39.6195    0.8963      9.00     27.00     59.00    294.00      0.00
  0.4000   0.0200   0.8000      119.1650    2.5472     37.00     84.00    166.00    799.00      0.00       7.8505    0.3003      2.00      5.00      9.00    235.00      0.00      38.3590    0.8793      9.00     26.00     56.00    235.00      0.00
  0.4000   0.0200   0.7000      116.6425    2.4746     37.00     82.00    164.00    890.00      0.00       9.6370    0.4370      3.00      5.00     10.00    404.00      0.00      37.9265    0.8918      8.00     26.00     55.00    338.00      0.00
  0.4000   0.0200   0.6000      121.9610    2.7432     38.00     84.00    168.00   1275.00      0.00      10.5130    0.5958      2.00      5.00     10.00    742.00      0.00      37.8190    0.8745      8.00     26.00     56.00    292.00      0.00
  0.4000   0.0200   0.5000      119.4405    2.6152     39.00     84.00    163.00   1045.00      0.00      10.7165    0.5099      2.00      5.00     11.00    575.00      0.00      36.2750    0.8691      7.00     24.00     52.00    319.00      0.00
  0.4000   0.0200   0.4000      122.8475    2.7470     36.00     81.00    170.00    886.00      0.00      14.0175    0.7550      2.00      6.00     13.00    695.00      0.00      35.8445    0.9363      6.00     22.00     52.00    326.00      0.00
  0.4000   0.0200   0.3000      129.4360    2.8774     38.00     88.00    178.00   1122.00      0.00      15.4960    0.8222      2.00      6.00     14.00    844.00      0.00      36.2165    0.9122      6.00     23.00     53.00    282.00      0.00
  0.4000   0.0200   0.2000      135.7680    3.0855     41.00     94.00    185.00   1525.00      0.00      21.0525    1.1926      3.00      7.00     17.00    796.00      0.00      34.2035    0.8896      5.00     20.00     51.00    284.00      0.00
  0.4000   0.0200   0.1000      143.2765    3.3631     43.00     93.00    196.00   1564.00      0.00      30.7755    1.7321      3.00      8.00     23.00   1564.00      0.00      29.6320    0.8308      2.00     15.00     45.00    277.00      0.00
  0.4000   0.0100   2.0000      139.7760    3.1701     42.00     97.00    195.00   1636.00      0.00      12.2965    0.2892      4.00      9.00     16.00    130.00      0.00      25.4520    0.6570      4.00     15.00     36.00    256.00      0.00
  0.4000   0.0100   1.9000      138.9590    3.0815     42.00     97.00    192.00   1004.00      0.00      12.3735    0.2903      4.00      9.00     16.00    121.00      0.00      25.2330    0.7059      4.00     14.00     35.00    297.00      0.00
  0.4000   0.0100   1.8000      142.7025    3.3109     41.00     94.00    197.00   1194.00      0.00      11.9755    0.2832      4.00      8.00     16.00    169.00      0.00      25.6755    0.7038      4.00     14.00     37.00    372.00      0.00
  0.4000   0.0100   1.7000      144.3690    3.1140     44.00    105.00    199.00   1242.00      0.00      12.0120    0.2769      4.00      9.00     16.00    153.00      0.00      26.5090    0.7368      4.00     15.00     36.00    356.00      0.00
  0.4000   0.0100   1.6000      139.0045    3.0977     42.00     98.00    191.00   1038.00      0.00      12.2210    0.2979      4.00      9.00     16.00    195.00      0.00      27.2060    0.7063      4.00     16.00     40.00    233.00      0.00
  0.4000   0.0100   1.5000      139.8880    2.9564     45.00     99.00    198.00    935.00      0.00      12.3690    0.2872      4.00      9.00     17.00    148.00      0.00      25.4950    0.6638      4.00     14.00     38.00    218.00      0.00
  0.4000   0.0100   1.4000      141.7910    3.1583     42.00     97.00    198.00   1339.00      0.00      12.3340    0.2897      4.00      9.00     16.00    137.00      0.00      25.1780    0.6873      4.00     14.00     36.00    225.00      0.00
  0.4000   0.0100   1.3000      141.7250    3.0987     43.00    102.00    194.00   1583.00      0.00      12.5080    0.3006      4.00      9.00     16.00    155.00      0.00      25.2765    0.6738      4.00     14.00     36.00    217.00      0.00
  0.4000   0.0100   1.2000      148.7985    3.1919     48.00    101.00    207.00    866.00      0.00      13.2635    0.3382      4.00      8.00     17.00    170.00      0.00      26.5770    0.7095      4.00     15.00     37.00    200.00      0.00
  0.4000   0.0100   1.1000      147.7820    3.2667     44.00    105.00    207.00   1230.00      0.00      13.8195    0.3567      4.00      9.00     18.00    291.00      0.00      25.4855    0.6832      4.00     14.00     37.00    266.00      0.00
  0.4000   0.0100   1.0000      146.3410    3.1999     46.00    105.00    197.00   1078.00      0.00      14.6075    0.3831      4.00      9.00     18.00    192.00      0.00      25.3015    0.6802      4.00     14.00     36.00    246.00      0.00
  0.4000   0.0100   0.9000      150.6780    3.3423     49.00    106.00    205.00   1236.00      0.00      15.2500    0.4451      4.00      9.00     19.00    306.00      0.00      25.2190    0.6760      4.00     14.00     36.00    285.00      0.00
  0.4000   0.0100   0.8000      141.8470    3.0928     43.00    100.00    198.00   1147.00      0.00      16.2940    0.5144      4.00     10.00     20.00    539.00      0.00      25.7095    0.7275      3.00     14.00     36.00    290.00      0.00
  0.4000   0.0100   0.7000      148.7580    3.2409     44.00    103.00    212.00   1018.00      0.00      16.3930    0.5705      4.00      9.00     20.00    424.00      0.00      24.3425    0.6548      4.00     13.00     35.00    194.00      0.00
  0.4000   0.0100   0.6000      148.7900    3.2202     43.00    106.00    212.00   1209.00      0.00      18.2135    0.6923      4.00     10.00     21.00    624.00      0.00      25.3200    0.7070      3.00     14.00     36.00    273.00      0.00
  0.4000   0.0100   0.5000      150.7355    3.3492     44.00    106.00    210.00   1110.00      0.00      19.1110    0.6635      4.00     10.00     24.00    512.00      0.00      24.6400    0.6902      3.00     13.00     36.00    247.00      0.00
  0.4000   0.0100   0.4000      148.3230    3.3606     45.00    105.00    199.00   1519.00      0.00      21.9990    0.9073      4.00     11.00     24.00    545.00      0.00      23.8315    0.7229      3.00     11.00     33.00    298.00      0.00
  0.4000   0.0100   0.3000      154.8595    3.4975     47.00    107.00    214.00   1223.00      0.00      23.6880    1.0611      5.00     11.00     25.00    891.00      0.00      24.4490    0.7010      2.00     12.00     34.00    253.00      0.00
  0.4000   0.0100   0.2000      156.7230    3.5485     42.00    106.00    216.00   1184.00      0.00      26.8095    1.1227      4.00     12.00     29.00    794.00      0.00      22.3345    0.6796      2.00     10.00     30.00    308.00      0.00
  0.4000   0.0100   0.1000      164.2070    3.7054     50.00    112.00    223.00   1167.00      0.00      32.7315    1.3172      5.00     14.00     36.00    655.00      0.00      21.0485    0.6537      1.00      9.00     29.00    237.00      0.00
